Datetime,Open,High,Low,Close,Adj Close,Volume
2024-10-18 00:09:00-04:00,20363.25,20363.25,20363.0,20363.25,20363.25,0
2024-10-18 00:10:00-04:00,20362.5,20362.5,20361.5,20361.75,20361.75,15
2024-10-18 00:11:00-04:00,20362.0,20364.0,20362.0,20363.5,20363.5,15
2024-10-18 00:12:00-04:00,20364.25,20365.75,20363.75,20365.75,20365.75,12
2024-10-18 00:13:00-04:00,20365.75,20366.0,20363.25,20364.0,20364.0,21
2024-10-18 00:14:00-04:00,20364.25,20365.5,20364.25,20364.25,20364.25,8
2024-10-18 00:15:00-04:00,20363.0,20363.0,20361.75,20362.5,20362.5,30
2024-10-18 00:16:00-04:00,20363.5,20365.0,20363.5,20365.0,20365.0,14
2024-10-18 00:17:00-04:00,20365.5,20366.5,20364.5,20366.0,20366.0,29
2024-10-18 00:18:00-04:00,20365.75,20369.0,20365.75,20368.5,20368.5,44
2024-10-18 00:19:00-04:00,20369.0,20370.75,20368.0,20368.75,20368.75,39
2024-10-18 00:20:00-04:00,20369.0,20374.0,20369.0,20374.0,20374.0,42
2024-10-18 00:21:00-04:00,20374.25,20375.25,20373.25,20373.5,20373.5,31
2024-10-18 00:22:00-04:00,20374.0,20376.75,20374.0,20376.75,20376.75,40
2024-10-18 00:23:00-04:00,20375.75,20375.75,20373.25,20374.25,20374.25,18
2024-10-18 00:24:00-04:00,20374.5,20376.75,20373.5,20375.0,20375.0,24
2024-10-18 00:25:00-04:00,20374.25,20375.5,20374.0,20375.5,20375.5,10
2024-10-18 00:26:00-04:00,20375.0,20375.0,20372.0,20373.0,20373.0,20
2024-10-18 00:27:00-04:00,20371.5,20371.75,20369.5,20369.75,20369.75,27
2024-10-18 00:28:00-04:00,20369.5,20372.5,20369.5,20370.25,20370.25,28
2024-10-18 00:29:00-04:00,20370.0,20370.5,20366.25,20368.0,20368.0,60
2024-10-18 00:30:00-04:00,20368.5,20373.25,20368.5,20369.5,20369.5,96
2024-10-18 00:31:00-04:00,20369.5,20371.0,20369.0,20371.0,20371.0,20
2024-10-18 00:32:00-04:00,20372.25,20374.75,20372.25,20373.5,20373.5,26
2024-10-18 00:33:00-04:00,20373.75,20375.25,20373.5,20374.5,20374.5,22
2024-10-18 00:34:00-04:00,20374.5,20375.25,20374.0,20375.25,20375.25,39
2024-10-18 00:35:00-04:00,20375.25,20377.75,20374.5,20377.5,20377.5,44
2024-10-18 00:36:00-04:00,20376.75,20378.75,20375.5,20375.5,20375.5,40
2024-10-18 00:37:00-04:00,20376.25,20376.25,20372.0,20372.0,20372.0,28
2024-10-18 00:38:00-04:00,20372.5,20373.5,20372.25,20373.5,20373.5,12
2024-10-18 00:39:00-04:00,20372.75,20375.25,20371.25,20375.25,20375.25,29
2024-10-18 00:40:00-04:00,20375.5,20376.5,20374.75,20376.0,20376.0,18
2024-10-18 00:41:00-04:00,20376.25,20377.25,20376.0,20376.5,20376.5,17
2024-10-18 00:42:00-04:00,20375.75,20378.5,20375.5,20377.5,20377.5,26
2024-10-18 00:43:00-04:00,20377.0,20377.0,20376.25,20376.25,20376.25,12
2024-10-18 00:44:00-04:00,20377.0,20377.0,20375.25,20375.25,20375.25,7
2024-10-18 00:45:00-04:00,20375.5,20375.5,20374.0,20375.5,20375.5,8
2024-10-18 00:46:00-04:00,20376.0,20376.0,20375.0,20375.0,20375.0,7
2024-10-18 00:47:00-04:00,20375.75,20377.25,20375.75,20375.75,20375.75,4
2024-10-18 00:48:00-04:00,20375.75,20376.75,20375.75,20375.75,20375.75,7
2024-10-18 00:49:00-04:00,20375.5,20378.0,20375.5,20376.5,20376.5,11
2024-10-18 00:50:00-04:00,20376.75,20378.0,20376.75,20376.75,20376.75,13
2024-10-18 00:51:00-04:00,20376.0,20378.0,20376.0,20378.0,20378.0,4
2024-10-18 00:52:00-04:00,20378.0,20380.25,20378.0,20380.25,20380.25,32
2024-10-18 00:53:00-04:00,20380.25,20380.75,20376.75,20376.75,20376.75,33
2024-10-18 00:54:00-04:00,20376.75,20376.75,20375.5,20376.0,20376.0,14
2024-10-18 00:55:00-04:00,20376.75,20377.0,20373.5,20373.5,20373.5,35
2024-10-18 00:56:00-04:00,20373.0,20373.0,20367.5,20369.0,20369.0,83
2024-10-18 00:57:00-04:00,20369.0,20372.25,20368.0,20371.5,20371.5,33
2024-10-18 00:58:00-04:00,20371.0,20373.25,20370.75,20373.25,20373.25,17
2024-10-18 00:59:00-04:00,20373.75,20375.0,20373.0,20373.75,20373.75,27
2024-10-18 01:00:00-04:00,20374.25,20379.25,20373.5,20379.25,20379.25,84
2024-10-18 01:01:00-04:00,20379.0,20379.5,20374.0,20374.5,20374.5,42
2024-10-18 01:02:00-04:00,20375.5,20375.5,20369.5,20374.0,20374.0,41
2024-10-18 01:03:00-04:00,20373.5,20375.5,20373.0,20373.5,20373.5,24
2024-10-18 01:04:00-04:00,20373.75,20375.25,20371.75,20371.75,20371.75,23
2024-10-18 01:05:00-04:00,20372.25,20377.75,20371.75,20377.5,20377.5,47
2024-10-18 01:06:00-04:00,20377.5,20378.5,20373.75,20373.75,20373.75,17
2024-10-18 01:07:00-04:00,20373.25,20374.5,20370.75,20372.5,20372.5,16
2024-10-18 01:08:00-04:00,20373.25,20376.25,20373.25,20375.25,20375.25,37
2024-10-18 01:09:00-04:00,20375.5,20377.0,20375.5,20376.0,20376.0,14
2024-10-18 01:10:00-04:00,20376.5,20378.75,20376.5,20378.0,20378.0,27
2024-10-18 01:11:00-04:00,20377.75,20381.75,20377.75,20380.5,20380.5,54
2024-10-18 01:12:00-04:00,20381.5,20383.5,20380.75,20381.5,20381.5,73
2024-10-18 01:13:00-04:00,20381.75,20382.75,20378.75,20380.25,20380.25,28
2024-10-18 01:14:00-04:00,20382.0,20385.0,20381.5,20385.0,20385.0,39
2024-10-18 01:15:00-04:00,20385.75,20386.5,20383.75,20386.25,20386.25,58
2024-10-18 01:16:00-04:00,20385.5,20386.5,20383.25,20383.25,20383.25,55
2024-10-18 01:17:00-04:00,20382.75,20385.25,20382.0,20385.0,20385.0,39
2024-10-18 01:18:00-04:00,20385.0,20389.0,20385.0,20388.75,20388.75,63
2024-10-18 01:19:00-04:00,20387.25,20388.75,20384.5,20385.0,20385.0,20
2024-10-18 01:20:00-04:00,20385.75,20386.0,20384.5,20384.75,20384.75,7
2024-10-18 01:21:00-04:00,20384.25,20384.5,20382.0,20382.0,20382.0,24
2024-10-18 01:22:00-04:00,20382.25,20382.25,20379.0,20380.25,20380.25,51
2024-10-18 01:23:00-04:00,20380.0,20381.0,20379.0,20381.0,20381.0,9
2024-10-18 01:24:00-04:00,20380.75,20380.75,20380.0,20380.0,20380.0,8
2024-10-18 01:25:00-04:00,20379.75,20383.0,20379.75,20381.5,20381.5,36
2024-10-18 01:26:00-04:00,20381.75,20382.75,20381.75,20382.25,20382.25,5
2024-10-18 01:27:00-04:00,20384.0,20385.25,20384.0,20385.0,20385.0,21
2024-10-18 01:28:00-04:00,20383.75,20383.75,20380.75,20380.75,20380.75,15
2024-10-18 01:29:00-04:00,20382.0,20382.0,20379.25,20379.25,20379.25,9
2024-10-18 01:30:00-04:00,20380.0,20386.5,20380.0,20385.25,20385.25,50
2024-10-18 01:31:00-04:00,20386.0,20388.0,20385.25,20387.5,20387.5,25
2024-10-18 01:32:00-04:00,20387.75,20388.0,20385.75,20385.75,20385.75,11
2024-10-18 01:33:00-04:00,20386.5,20389.5,20386.5,20389.5,20389.5,16
2024-10-18 01:34:00-04:00,20390.0,20390.5,20388.75,20390.0,20390.0,61
2024-10-18 01:35:00-04:00,20389.5,20392.5,20389.5,20392.5,20392.5,50
2024-10-18 01:36:00-04:00,20392.5,20393.25,20389.25,20389.75,20389.75,71
2024-10-18 01:37:00-04:00,20388.75,20389.75,20388.25,20388.25,20388.25,23
2024-10-18 01:38:00-04:00,20387.0,20390.0,20387.0,20389.75,20389.75,38
2024-10-18 01:39:00-04:00,20389.0,20391.0,20388.5,20391.0,20391.0,34
2024-10-18 01:40:00-04:00,20389.25,20389.75,20387.25,20388.75,20388.75,25
2024-10-18 01:41:00-04:00,20388.75,20389.0,20388.25,20388.25,20388.25,11
2024-10-18 01:42:00-04:00,20388.75,20390.5,20387.5,20387.75,20387.75,27
2024-10-18 01:43:00-04:00,20387.5,20389.75,20387.0,20388.5,20388.5,23
2024-10-18 01:44:00-04:00,20388.75,20392.25,20388.75,20391.25,20391.25,34
2024-10-18 01:45:00-04:00,20391.75,20392.5,20389.0,20391.25,20391.25,41
2024-10-18 01:46:00-04:00,20392.0,20392.75,20391.5,20391.75,20391.75,26
2024-10-18 01:47:00-04:00,20392.0,20393.0,20390.75,20390.75,20390.75,21
2024-10-18 01:48:00-04:00,20390.0,20390.5,20388.5,20388.5,20388.5,39
2024-10-18 01:49:00-04:00,20388.0,20390.0,20387.0,20389.75,20389.75,90
2024-10-18 01:50:00-04:00,20387.75,20395.0,20387.25,20394.25,20394.25,90
2024-10-18 01:51:00-04:00,20394.0,20396.75,20394.0,20396.75,20396.75,52
2024-10-18 01:52:00-04:00,20396.0,20397.5,20395.75,20397.5,20397.5,40
2024-10-18 01:53:00-04:00,20397.0,20400.0,20396.75,20399.5,20399.5,65
2024-10-18 01:54:00-04:00,20399.0,20400.75,20397.0,20400.25,20400.25,73
2024-10-18 01:55:00-04:00,20400.75,20404.0,20399.25,20402.5,20402.5,129
2024-10-18 01:56:00-04:00,20401.5,20403.0,20398.75,20399.25,20399.25,65
2024-10-18 01:57:00-04:00,20400.0,20407.0,20398.75,20405.75,20405.75,184
2024-10-18 01:58:00-04:00,20405.0,20406.75,20403.5,20404.5,20404.5,83
2024-10-18 01:59:00-04:00,20405.25,20406.75,20403.5,20404.75,20404.75,81
2024-10-18 02:00:00-04:00,20404.5,20407.25,20403.75,20406.0,20406.0,69
2024-10-18 02:01:00-04:00,20405.0,20405.0,20400.25,20401.75,20401.75,91
2024-10-18 02:02:00-04:00,20401.25,20403.0,20397.0,20397.5,20397.5,55
2024-10-18 02:03:00-04:00,20397.75,20402.25,20397.75,20401.75,20401.75,45
2024-10-18 02:04:00-04:00,20401.25,20401.5,20400.0,20400.0,20400.0,20
2024-10-18 02:05:00-04:00,20400.25,20401.5,20399.0,20399.5,20399.5,32
2024-10-18 02:06:00-04:00,20402.5,20404.0,20402.5,20404.0,20404.0,41
2024-10-18 02:07:00-04:00,20403.5,20405.75,20403.5,20405.75,20405.75,31
2024-10-18 02:08:00-04:00,20406.25,20408.0,20406.0,20407.5,20407.5,83
2024-10-18 02:09:00-04:00,20408.5,20409.0,20407.25,20408.25,20408.25,36
2024-10-18 02:10:00-04:00,20409.0,20410.25,20407.25,20410.25,20410.25,78
2024-10-18 02:11:00-04:00,20410.0,20412.25,20409.25,20410.0,20410.0,84
2024-10-18 02:12:00-04:00,20410.0,20411.0,20406.0,20407.25,20407.25,37
2024-10-18 02:13:00-04:00,20406.0,20407.25,20403.5,20407.25,20407.25,42
2024-10-18 02:14:00-04:00,20406.5,20409.25,20406.5,20408.0,20408.0,45
2024-10-18 02:15:00-04:00,20409.0,20410.75,20407.5,20410.75,20410.75,49
2024-10-18 02:16:00-04:00,20410.5,20411.0,20409.0,20411.0,20411.0,36
2024-10-18 02:17:00-04:00,20409.75,20411.75,20409.0,20411.5,20411.5,31
2024-10-18 02:18:00-04:00,20411.0,20412.5,20410.5,20410.5,20410.5,29
2024-10-18 02:19:00-04:00,20410.25,20412.5,20409.0,20412.5,20412.5,52
2024-10-18 02:20:00-04:00,20412.0,20412.5,20410.25,20412.0,20412.0,17
2024-10-18 02:21:00-04:00,20409.5,20410.25,20407.75,20408.25,20408.25,30
2024-10-18 02:22:00-04:00,20409.25,20413.5,20409.25,20412.5,20412.5,49
2024-10-18 02:23:00-04:00,20413.0,20413.0,20410.0,20410.5,20410.5,43
2024-10-18 02:24:00-04:00,20410.5,20411.5,20410.0,20411.0,20411.0,21
2024-10-18 02:25:00-04:00,20411.5,20412.5,20410.75,20410.75,20410.75,47
2024-10-18 02:26:00-04:00,20411.0,20411.75,20409.0,20411.25,20411.25,42
2024-10-18 02:27:00-04:00,20411.5,20411.5,20408.5,20409.0,20409.0,21
2024-10-18 02:28:00-04:00,20408.25,20410.0,20408.0,20409.5,20409.5,36
2024-10-18 02:29:00-04:00,20408.75,20410.5,20408.75,20410.5,20410.5,31
2024-10-18 02:30:00-04:00,20411.0,20411.75,20409.25,20411.0,20411.0,33
2024-10-18 02:31:00-04:00,20411.0,20414.0,20411.0,20413.25,20413.25,44
2024-10-18 02:32:00-04:00,20414.0,20417.25,20414.0,20414.25,20414.25,142
2024-10-18 02:33:00-04:00,20412.75,20416.25,20412.75,20414.75,20414.75,79
2024-10-18 02:34:00-04:00,20413.75,20417.0,20413.75,20417.0,20417.0,57
2024-10-18 02:35:00-04:00,20417.25,20424.0,20416.25,20423.0,20423.0,367
2024-10-18 02:36:00-04:00,20422.25,20427.0,20420.5,20426.25,20426.25,248
2024-10-18 02:37:00-04:00,20426.5,20428.0,20425.75,20426.0,20426.0,110
2024-10-18 02:38:00-04:00,20425.75,20429.25,20425.75,20427.25,20427.25,89
2024-10-18 02:39:00-04:00,20427.0,20429.5,20426.75,20429.0,20429.0,112
2024-10-18 02:40:00-04:00,20429.5,20430.25,20428.25,20429.0,20429.0,124
2024-10-18 02:41:00-04:00,20428.75,20428.75,20420.5,20422.75,20422.75,228
2024-10-18 02:42:00-04:00,20421.75,20421.75,20418.5,20421.25,20421.25,179
2024-10-18 02:43:00-04:00,20421.0,20422.5,20420.25,20422.5,20422.5,55
2024-10-18 02:44:00-04:00,20422.25,20423.0,20419.75,20420.5,20420.5,42
2024-10-18 02:45:00-04:00,20421.5,20425.0,20420.5,20424.0,20424.0,55
2024-10-18 02:46:00-04:00,20423.5,20425.0,20422.0,20422.5,20422.5,48
2024-10-18 02:47:00-04:00,20421.75,20422.0,20417.75,20420.5,20420.5,89
2024-10-18 02:48:00-04:00,20420.5,20423.0,20419.25,20423.0,20423.0,71
2024-10-18 02:49:00-04:00,20423.25,20423.25,20420.0,20420.5,20420.5,54
2024-10-18 02:50:00-04:00,20420.0,20421.25,20418.0,20418.75,20418.75,49
2024-10-18 02:51:00-04:00,20420.75,20424.25,20419.75,20423.5,20423.5,76
2024-10-18 02:52:00-04:00,20423.5,20425.0,20421.25,20425.0,20425.0,65
2024-10-18 02:53:00-04:00,20425.0,20428.0,20423.0,20427.75,20427.75,90
2024-10-18 02:54:00-04:00,20427.75,20429.0,20425.75,20428.0,20428.0,72
2024-10-18 02:55:00-04:00,20427.0,20430.0,20425.5,20426.25,20426.25,104
2024-10-18 02:56:00-04:00,20426.25,20429.25,20426.25,20428.25,20428.25,34
2024-10-18 02:57:00-04:00,20429.0,20430.0,20428.5,20430.0,20430.0,60
2024-10-18 02:58:00-04:00,20429.75,20432.75,20426.75,20426.75,20426.75,157
2024-10-18 02:59:00-04:00,20426.75,20430.75,20426.5,20430.0,20430.0,90
2024-10-18 03:00:00-04:00,20430.75,20434.25,20429.0,20434.25,20434.25,156
2024-10-18 03:01:00-04:00,20432.5,20435.0,20432.5,20435.0,20435.0,133
2024-10-18 03:02:00-04:00,20435.75,20436.0,20434.0,20435.25,20435.25,34
2024-10-18 03:03:00-04:00,20434.75,20437.5,20433.25,20436.0,20436.0,123
2024-10-18 03:04:00-04:00,20437.0,20437.5,20435.25,20435.25,20435.25,19
2024-10-18 03:05:00-04:00,20432.5,20432.5,20428.25,20429.25,20429.25,323
2024-10-18 03:06:00-04:00,20429.0,20430.75,20426.5,20427.0,20427.0,61
2024-10-18 03:07:00-04:00,20427.5,20429.25,20425.5,20425.5,20425.5,43
2024-10-18 03:09:00-04:00,20430.75,20434.0,20430.75,20432.75,20432.75,146
2024-10-18 03:10:00-04:00,20432.5,20432.75,20422.5,20428.0,20428.0,182
2024-10-18 03:11:00-04:00,20429.0,20429.25,20427.25,20427.75,20427.75,50
2024-10-18 03:12:00-04:00,20429.25,20434.0,20429.0,20434.0,20434.0,77
2024-10-18 03:13:00-04:00,20432.75,20433.0,20430.5,20431.25,20431.25,39
2024-10-18 03:14:00-04:00,20430.5,20433.0,20429.0,20432.25,20432.25,38
2024-10-18 03:15:00-04:00,20432.75,20435.5,20432.25,20433.0,20433.0,64
2024-10-18 03:16:00-04:00,20433.5,20434.0,20433.0,20433.75,20433.75,17
2024-10-18 03:17:00-04:00,20433.5,20435.25,20433.5,20433.75,20433.75,35
2024-10-18 03:18:00-04:00,20435.0,20435.5,20433.0,20433.0,20433.0,25
2024-10-18 03:19:00-04:00,20433.0,20433.25,20429.75,20431.75,20431.75,61
2024-10-18 03:20:00-04:00,20431.25,20432.5,20430.0,20430.0,20430.0,33
2024-10-18 03:21:00-04:00,20430.5,20430.5,20427.0,20427.75,20427.75,63
2024-10-18 03:22:00-04:00,20426.75,20426.75,20422.0,20426.5,20426.5,118
2024-10-18 03:23:00-04:00,20427.0,20428.0,20425.0,20428.0,20428.0,68
2024-10-18 03:24:00-04:00,20429.5,20431.5,20427.75,20429.75,20429.75,64
2024-10-18 03:25:00-04:00,20430.25,20434.25,20430.25,20434.25,20434.25,46
2024-10-18 03:26:00-04:00,20434.25,20434.5,20432.0,20433.75,20433.75,49
2024-10-18 03:27:00-04:00,20434.0,20435.75,20433.0,20434.0,20434.0,55
2024-10-18 03:28:00-04:00,20434.5,20435.5,20433.0,20433.5,20433.5,69
2024-10-18 03:29:00-04:00,20432.75,20432.75,20430.75,20432.75,20432.75,40
2024-10-18 03:30:00-04:00,20433.0,20434.25,20429.5,20434.25,20434.25,72
2024-10-18 03:31:00-04:00,20433.75,20434.0,20431.5,20431.5,20431.5,40
2024-10-18 03:32:00-04:00,20432.25,20433.25,20430.0,20433.0,20433.0,49
2024-10-18 03:33:00-04:00,20434.5,20437.0,20434.0,20436.0,20436.0,95
2024-10-18 03:34:00-04:00,20435.25,20437.0,20431.75,20433.75,20433.75,65
2024-10-18 03:35:00-04:00,20433.25,20434.5,20432.75,20434.5,20434.5,37
2024-10-18 03:36:00-04:00,20435.0,20435.25,20433.5,20433.75,20433.75,44
2024-10-18 03:37:00-04:00,20434.75,20435.25,20432.5,20433.25,20433.25,32
2024-10-18 03:38:00-04:00,20432.0,20434.75,20432.0,20433.75,20433.75,15
2024-10-18 03:39:00-04:00,20435.5,20435.75,20434.5,20435.0,20435.0,21
2024-10-18 03:40:00-04:00,20435.75,20438.25,20433.0,20433.75,20433.75,106
2024-10-18 03:41:00-04:00,20434.5,20439.5,20433.75,20439.25,20439.25,74
2024-10-18 03:42:00-04:00,20439.5,20441.5,20434.0,20437.0,20437.0,183
2024-10-18 03:43:00-04:00,20436.5,20437.75,20435.75,20436.0,20436.0,62
2024-10-18 03:44:00-04:00,20434.25,20436.25,20433.0,20436.25,20436.25,62
2024-10-18 03:45:00-04:00,20435.5,20435.5,20427.0,20427.0,20427.0,107
2024-10-18 03:46:00-04:00,20426.5,20428.75,20425.0,20427.25,20427.25,84
2024-10-18 03:47:00-04:00,20428.0,20430.75,20427.5,20427.5,20427.5,64
2024-10-18 03:48:00-04:00,20427.75,20428.25,20424.0,20427.25,20427.25,94
2024-10-18 03:49:00-04:00,20429.0,20433.25,20429.0,20432.25,20432.25,58
2024-10-18 03:50:00-04:00,20433.25,20436.0,20431.75,20435.5,20435.5,37
2024-10-18 03:51:00-04:00,20435.5,20436.25,20433.5,20436.0,20436.0,56
2024-10-18 03:52:00-04:00,20436.0,20438.5,20435.75,20438.5,20438.5,41
2024-10-18 03:53:00-04:00,20438.75,20439.25,20437.25,20437.75,20437.75,46
2024-10-18 03:54:00-04:00,20437.75,20446.5,20437.25,20445.25,20445.25,287
2024-10-18 03:55:00-04:00,20444.5,20449.0,20441.75,20447.5,20447.5,218
2024-10-18 03:56:00-04:00,20448.25,20449.5,20447.0,20447.5,20447.5,185
2024-10-18 03:57:00-04:00,20448.0,20455.0,20447.75,20453.5,20453.5,370
2024-10-18 03:58:00-04:00,20453.75,20455.75,20453.0,20455.25,20455.25,85
2024-10-18 03:59:00-04:00,20455.5,20455.75,20452.75,20454.25,20454.25,86
2024-10-18 04:00:00-04:00,20455.25,20455.5,20450.5,20451.5,20451.5,254
2024-10-18 04:01:00-04:00,20451.25,20458.0,20451.25,20458.0,20458.0,255
2024-10-18 04:02:00-04:00,20458.25,20458.5,20454.0,20457.25,20457.25,144
2024-10-18 04:03:00-04:00,20457.25,20458.75,20454.75,20458.75,20458.75,73
2024-10-18 04:04:00-04:00,20459.0,20461.0,20455.25,20457.75,20457.75,179
2024-10-18 04:05:00-04:00,20458.5,20460.0,20456.5,20458.0,20458.0,80
2024-10-18 04:06:00-04:00,20459.75,20461.0,20458.0,20458.75,20458.75,83
2024-10-18 04:07:00-04:00,20459.0,20459.25,20457.0,20459.0,20459.0,88
2024-10-18 04:08:00-04:00,20459.0,20459.5,20456.0,20457.5,20457.5,145
2024-10-18 04:09:00-04:00,20457.75,20461.0,20457.0,20457.0,20457.0,209
2024-10-18 04:10:00-04:00,20456.5,20460.75,20456.5,20458.75,20458.75,123
2024-10-18 04:11:00-04:00,20459.5,20459.75,20453.5,20454.5,20454.5,134
2024-10-18 04:12:00-04:00,20454.25,20460.5,20454.0,20459.0,20459.0,104
2024-10-18 04:13:00-04:00,20459.5,20459.75,20456.75,20459.75,20459.75,69
2024-10-18 04:14:00-04:00,20459.75,20460.25,20458.0,20458.0,20458.0,50
2024-10-18 04:15:00-04:00,20457.75,20460.75,20456.75,20459.25,20459.25,105
2024-10-18 04:16:00-04:00,20460.0,20461.0,20459.25,20460.75,20460.75,59
2024-10-18 04:17:00-04:00,20461.0,20463.75,20459.75,20463.0,20463.0,115
2024-10-18 04:18:00-04:00,20462.25,20468.0,20462.25,20464.25,20464.25,153
2024-10-18 04:19:00-04:00,20464.75,20465.5,20461.75,20463.25,20463.25,75
2024-10-18 04:20:00-04:00,20462.75,20463.25,20458.0,20458.0,20458.0,168
2024-10-18 04:21:00-04:00,20459.0,20461.0,20454.0,20454.5,20454.5,132
2024-10-18 04:22:00-04:00,20455.0,20457.25,20452.25,20456.25,20456.25,142
2024-10-18 04:23:00-04:00,20456.25,20456.75,20454.25,20454.5,20454.5,81
2024-10-18 04:24:00-04:00,20454.5,20456.0,20451.75,20451.75,20451.75,79
2024-10-18 04:25:00-04:00,20452.5,20452.5,20448.25,20451.0,20451.0,144
2024-10-18 04:26:00-04:00,20451.75,20451.75,20447.0,20449.75,20449.75,102
2024-10-18 04:27:00-04:00,20450.0,20453.5,20450.0,20453.25,20453.25,46
2024-10-18 04:28:00-04:00,20453.75,20458.25,20452.75,20458.25,20458.25,114
2024-10-18 04:29:00-04:00,20458.0,20458.25,20454.5,20455.75,20455.75,44
2024-10-18 04:30:00-04:00,20454.75,20456.75,20450.75,20450.75,20450.75,107
2024-10-18 04:31:00-04:00,20451.25,20453.0,20448.25,20451.0,20451.0,71
2024-10-18 04:32:00-04:00,20451.0,20452.25,20451.0,20451.75,20451.75,9
2024-10-18 04:33:00-04:00,20451.5,20456.25,20451.5,20455.5,20455.5,61
2024-10-18 04:34:00-04:00,20455.75,20456.0,20450.0,20450.5,20450.5,65
2024-10-18 04:35:00-04:00,20450.75,20454.25,20446.25,20446.75,20446.75,85
2024-10-18 04:36:00-04:00,20446.5,20447.75,20438.0,20438.75,20438.75,204
2024-10-18 04:37:00-04:00,20438.25,20441.25,20436.75,20439.0,20439.0,114
2024-10-18 04:38:00-04:00,20439.0,20441.5,20438.75,20440.5,20440.5,69
2024-10-18 04:39:00-04:00,20439.5,20440.5,20435.5,20440.5,20440.5,99
2024-10-18 04:40:00-04:00,20440.5,20441.75,20438.25,20440.5,20440.5,54
2024-10-18 04:41:00-04:00,20440.25,20441.0,20438.5,20440.25,20440.25,45
2024-10-18 04:42:00-04:00,20440.5,20447.75,20440.5,20445.25,20445.25,241
2024-10-18 04:43:00-04:00,20445.0,20446.5,20444.0,20444.5,20444.5,67
2024-10-18 04:44:00-04:00,20445.0,20448.25,20445.0,20447.5,20447.5,38
2024-10-18 04:45:00-04:00,20448.0,20449.0,20445.5,20445.5,20445.5,21
2024-10-18 04:46:00-04:00,20445.25,20449.0,20445.25,20449.0,20449.0,33
2024-10-18 04:47:00-04:00,20448.75,20452.25,20448.75,20449.75,20449.75,79
2024-10-18 04:48:00-04:00,20450.5,20451.75,20449.0,20449.0,20449.0,35
2024-10-18 04:49:00-04:00,20449.25,20452.0,20449.0,20450.5,20450.5,38
2024-10-18 04:50:00-04:00,20451.5,20452.0,20450.25,20451.5,20451.5,33
2024-10-18 04:51:00-04:00,20452.5,20453.75,20451.25,20452.25,20452.25,42
2024-10-18 04:52:00-04:00,20452.75,20453.5,20448.5,20449.25,20449.25,100
2024-10-18 04:53:00-04:00,20448.25,20448.25,20445.0,20446.25,20446.25,55
2024-10-18 04:54:00-04:00,20446.5,20446.5,20444.25,20444.5,20444.5,41
2024-10-18 04:55:00-04:00,20444.5,20446.25,20443.5,20444.5,20444.5,89
2024-10-18 04:56:00-04:00,20444.0,20449.75,20443.5,20448.5,20448.5,60
2024-10-18 04:57:00-04:00,20447.25,20450.0,20446.75,20449.5,20449.5,34
2024-10-18 04:58:00-04:00,20449.25,20450.5,20446.5,20446.5,20446.5,55
2024-10-18 04:59:00-04:00,20446.75,20448.75,20446.5,20448.75,20448.75,28
2024-10-18 05:00:00-04:00,20450.0,20451.25,20447.75,20451.0,20451.0,54
2024-10-18 05:01:00-04:00,20450.5,20450.5,20446.5,20448.75,20448.75,33
2024-10-18 05:02:00-04:00,20449.25,20451.75,20447.5,20448.0,20448.0,62
2024-10-18 05:03:00-04:00,20449.0,20453.5,20448.25,20452.0,20452.0,92
2024-10-18 05:04:00-04:00,20452.5,20452.5,20449.75,20451.25,20451.25,43
2024-10-18 05:05:00-04:00,20452.0,20452.5,20448.5,20450.5,20450.5,56
2024-10-18 05:06:00-04:00,20450.5,20451.25,20447.75,20450.75,20450.75,43
2024-10-18 05:07:00-04:00,20451.0,20452.75,20450.25,20450.75,20450.75,53
2024-10-18 05:08:00-04:00,20451.25,20452.75,20450.75,20451.5,20451.5,53
2024-10-18 05:09:00-04:00,20452.25,20457.5,20452.25,20457.5,20457.5,78
2024-10-18 05:10:00-04:00,20457.0,20458.25,20455.5,20457.5,20457.5,45
2024-10-18 05:11:00-04:00,20459.0,20460.25,20455.25,20456.5,20456.5,117
2024-10-18 05:12:00-04:00,20456.75,20459.0,20456.75,20457.0,20457.0,29
2024-10-18 05:13:00-04:00,20457.25,20458.25,20456.25,20458.25,20458.25,24
2024-10-18 05:14:00-04:00,20459.0,20462.25,20459.0,20460.75,20460.75,83
2024-10-18 05:15:00-04:00,20461.75,20462.0,20459.5,20461.0,20461.0,33
2024-10-18 05:16:00-04:00,20461.0,20461.5,20456.75,20457.25,20457.25,69
2024-10-18 05:17:00-04:00,20457.25,20457.25,20452.75,20453.25,20453.25,75
2024-10-18 05:18:00-04:00,20454.0,20454.0,20452.0,20452.25,20452.25,46
2024-10-18 05:19:00-04:00,20452.0,20452.0,20446.0,20447.25,20447.25,112
2024-10-18 05:20:00-04:00,20447.0,20448.25,20444.5,20445.0,20445.0,74
2024-10-18 05:21:00-04:00,20445.75,20451.0,20445.5,20449.75,20449.75,67
2024-10-18 05:22:00-04:00,20449.75,20449.75,20448.0,20449.5,20449.5,36
2024-10-18 05:23:00-04:00,20449.5,20449.75,20448.5,20449.25,20449.25,25
2024-10-18 05:24:00-04:00,20449.75,20450.75,20448.0,20448.25,20448.25,48
2024-10-18 05:25:00-04:00,20449.0,20449.0,20447.75,20447.75,20447.75,29
2024-10-18 05:26:00-04:00,20447.75,20450.0,20446.0,20448.75,20448.75,78
2024-10-18 05:27:00-04:00,20449.75,20450.25,20448.25,20449.5,20449.5,37
2024-10-18 05:28:00-04:00,20450.5,20452.5,20450.5,20450.5,20450.5,40
2024-10-18 05:29:00-04:00,20451.0,20451.0,20446.75,20447.25,20447.25,65
2024-10-18 05:30:00-04:00,20447.75,20448.0,20447.75,20448.0,20448.0,7
2024-10-18 05:40:00-04:00,20436.19921875,20441.75,20435.75,20441.75,20441.75,1264
2024-10-18 05:41:00-04:00,20441.0,20443.5,20441.0,20441.75,20441.75,42
2024-10-18 05:42:00-04:00,20441.75,20443.25,20440.5,20440.5,20440.5,35
2024-10-18 05:43:00-04:00,20441.5,20443.5,20437.75,20438.75,20438.75,45
2024-10-18 05:44:00-04:00,20438.0,20438.0,20433.25,20435.5,20435.5,58
2024-10-18 05:45:00-04:00,20436.0,20440.25,20436.0,20440.25,20440.25,62
2024-10-18 05:46:00-04:00,20440.0,20440.0,20438.25,20439.75,20439.75,47
2024-10-18 05:47:00-04:00,20440.25,20444.5,20440.25,20440.25,20440.25,92
2024-10-18 05:48:00-04:00,20440.75,20444.25,20440.75,20443.0,20443.0,29
2024-10-18 05:49:00-04:00,20442.75,20446.25,20442.5,20446.0,20446.0,48
2024-10-18 05:50:00-04:00,20445.5,20447.5,20444.0,20445.25,20445.25,60
2024-10-18 05:51:00-04:00,20446.0,20446.0,20440.25,20442.0,20442.0,65
2024-10-18 05:52:00-04:00,20442.25,20442.5,20439.25,20439.75,20439.75,43
2024-10-18 05:53:00-04:00,20438.0,20440.25,20429.75,20429.75,20429.75,127
2024-10-18 05:54:00-04:00,20430.25,20431.75,20426.75,20428.75,20428.75,169
2024-10-18 05:55:00-04:00,20429.0,20429.75,20426.0,20428.25,20428.25,115
2024-10-18 05:56:00-04:00,20428.5,20428.5,20425.5,20427.5,20427.5,59
2024-10-18 05:57:00-04:00,20427.5,20429.75,20426.75,20426.75,20426.75,37
2024-10-18 05:58:00-04:00,20426.75,20427.25,20423.5,20425.75,20425.75,107
2024-10-18 05:59:00-04:00,20426.5,20430.0,20425.25,20429.25,20429.25,94
2024-10-18 06:00:00-04:00,20430.0,20431.5,20427.75,20430.25,20430.25,101
2024-10-18 06:01:00-04:00,20430.5,20433.5,20429.75,20430.75,20430.75,82
2024-10-18 06:02:00-04:00,20431.0,20433.25,20428.75,20428.75,20428.75,39
2024-10-18 06:03:00-04:00,20428.5,20429.5,20424.25,20426.75,20426.75,93
2024-10-18 06:04:00-04:00,20426.5,20426.5,20422.25,20425.0,20425.0,65
2024-10-18 06:05:00-04:00,20425.5,20427.75,20424.5,20426.75,20426.75,34
2024-10-18 06:06:00-04:00,20426.5,20429.0,20426.0,20429.0,20429.0,25
2024-10-18 06:07:00-04:00,20429.25,20431.5,20427.25,20427.25,20427.25,70
2024-10-18 06:08:00-04:00,20428.25,20428.25,20425.5,20425.75,20425.75,51
2024-10-18 06:09:00-04:00,20425.5,20429.0,20424.0,20428.25,20428.25,45
2024-10-18 06:10:00-04:00,20428.5,20428.75,20418.5,20419.75,20419.75,194
2024-10-18 06:11:00-04:00,20420.75,20424.75,20419.25,20424.25,20424.25,115
2024-10-18 06:12:00-04:00,20424.25,20424.5,20421.5,20423.5,20423.5,32
2024-10-18 06:13:00-04:00,20424.0,20428.25,20424.0,20428.0,20428.0,76
2024-10-18 06:14:00-04:00,20427.75,20431.5,20427.75,20431.25,20431.25,88
2024-10-18 06:15:00-04:00,20431.5,20433.75,20430.25,20430.75,20430.75,89
2024-10-18 06:16:00-04:00,20431.0,20432.5,20429.0,20432.25,20432.25,46
2024-10-18 06:17:00-04:00,20432.25,20435.0,20429.5,20431.25,20431.25,96
2024-10-18 06:18:00-04:00,20431.0,20432.5,20430.75,20432.5,20432.5,15
2024-10-18 06:19:00-04:00,20432.0,20432.0,20428.5,20430.75,20430.75,35
2024-10-18 06:20:00-04:00,20430.25,20430.25,20427.75,20427.75,20427.75,27
2024-10-18 06:21:00-04:00,20427.5,20428.0,20424.5,20426.25,20426.25,98
2024-10-18 06:22:00-04:00,20425.0,20430.25,20424.5,20430.0,20430.0,72
2024-10-18 06:23:00-04:00,20430.25,20437.5,20428.75,20437.25,20437.25,85
2024-10-18 06:24:00-04:00,20436.75,20437.0,20433.75,20435.0,20435.0,52
2024-10-18 06:25:00-04:00,20436.0,20441.5,20433.75,20439.5,20439.5,113
2024-10-18 06:26:00-04:00,20438.75,20440.0,20436.75,20437.5,20437.5,55
2024-10-18 06:27:00-04:00,20436.75,20439.25,20436.5,20438.25,20438.25,30
2024-10-18 06:28:00-04:00,20439.0,20442.5,20439.0,20441.5,20441.5,56
2024-10-18 06:29:00-04:00,20440.5,20443.0,20440.25,20441.5,20441.5,36
2024-10-18 06:30:00-04:00,20441.75,20443.5,20441.0,20442.0,20442.0,36
2024-10-18 06:31:00-04:00,20442.5,20445.5,20440.75,20442.25,20442.25,125
2024-10-18 06:32:00-04:00,20443.0,20443.25,20441.5,20442.75,20442.75,24
2024-10-18 06:33:00-04:00,20442.25,20444.75,20441.0,20441.25,20441.25,192
2024-10-18 06:34:00-04:00,20442.0,20443.0,20439.75,20442.5,20442.5,70
2024-10-18 06:35:00-04:00,20443.75,20443.75,20440.5,20440.75,20440.75,25
2024-10-18 06:36:00-04:00,20440.5,20441.25,20438.25,20439.75,20439.75,82
2024-10-18 06:37:00-04:00,20439.75,20440.75,20439.25,20439.75,20439.75,82
2024-10-18 06:38:00-04:00,20439.0,20443.0,20438.25,20442.25,20442.25,93
2024-10-18 06:39:00-04:00,20442.0,20447.5,20441.25,20447.5,20447.5,145
2024-10-18 06:40:00-04:00,20447.5,20447.75,20445.0,20446.75,20446.75,62
2024-10-18 06:41:00-04:00,20447.0,20447.75,20445.0,20445.0,20445.0,40
2024-10-18 06:42:00-04:00,20445.25,20448.5,20445.25,20447.5,20447.5,97
2024-10-18 06:43:00-04:00,20447.5,20447.5,20444.75,20445.0,20445.0,26
2024-10-18 06:44:00-04:00,20444.5,20445.75,20443.0,20445.75,20445.75,38
2024-10-18 06:45:00-04:00,20445.25,20447.75,20444.75,20447.25,20447.25,34
2024-10-18 06:46:00-04:00,20447.25,20447.75,20443.25,20443.25,20443.25,117
2024-10-18 06:47:00-04:00,20443.5,20445.5,20442.5,20445.0,20445.0,55
2024-10-18 06:48:00-04:00,20445.0,20446.75,20444.75,20446.5,20446.5,48
2024-10-18 06:49:00-04:00,20446.75,20450.0,20446.5,20449.25,20449.25,60
2024-10-18 06:50:00-04:00,20449.5,20450.5,20447.5,20448.25,20448.25,63
2024-10-18 06:51:00-04:00,20447.5,20448.0,20445.25,20446.75,20446.75,59
2024-10-18 06:52:00-04:00,20447.5,20448.5,20445.5,20446.25,20446.25,31
2024-10-18 06:53:00-04:00,20446.25,20447.0,20443.25,20446.0,20446.0,34
2024-10-18 06:54:00-04:00,20446.0,20446.0,20444.25,20444.25,20444.25,15
2024-10-18 06:55:00-04:00,20444.0,20445.75,20442.5,20444.75,20444.75,67
2024-10-18 06:56:00-04:00,20444.75,20446.75,20444.25,20446.5,20446.5,63
2024-10-18 06:57:00-04:00,20447.0,20447.0,20445.25,20446.5,20446.5,29
2024-10-18 06:58:00-04:00,20447.5,20448.0,20446.0,20447.75,20447.75,40
2024-10-18 06:59:00-04:00,20448.25,20448.75,20447.25,20448.25,20448.25,30
2024-10-18 07:00:00-04:00,20448.0,20448.25,20442.75,20447.5,20447.5,263
2024-10-18 07:01:00-04:00,20446.75,20447.75,20444.5,20447.0,20447.0,75
2024-10-18 07:02:00-04:00,20446.75,20451.75,20446.5,20451.75,20451.75,104
2024-10-18 07:03:00-04:00,20451.5,20451.5,20444.25,20444.25,20444.25,303
2024-10-18 07:04:00-04:00,20443.5,20449.5,20443.25,20445.75,20445.75,88
2024-10-18 07:05:00-04:00,20445.75,20445.75,20436.75,20440.75,20440.75,167
2024-10-18 07:06:00-04:00,20440.75,20444.0,20439.0,20443.25,20443.25,88
2024-10-18 07:07:00-04:00,20441.0,20441.5,20439.5,20441.5,20441.5,64
2024-10-18 07:08:00-04:00,20441.25,20441.5,20439.25,20439.25,20439.25,146
2024-10-18 07:09:00-04:00,20439.0,20441.0,20438.75,20439.5,20439.5,92
2024-10-18 07:10:00-04:00,20439.5,20445.0,20439.0,20445.0,20445.0,83
2024-10-18 07:11:00-04:00,20444.75,20447.0,20442.5,20446.5,20446.5,107
2024-10-18 07:12:00-04:00,20447.0,20451.25,20445.25,20450.75,20450.75,136
2024-10-18 07:13:00-04:00,20451.0,20453.0,20448.5,20453.0,20453.0,76
2024-10-18 07:14:00-04:00,20452.75,20457.5,20451.5,20456.0,20456.0,150
2024-10-18 07:15:00-04:00,20456.5,20459.0,20456.0,20458.0,20458.0,82
2024-10-18 07:16:00-04:00,20458.5,20462.5,20457.5,20462.5,20462.5,127
2024-10-18 07:17:00-04:00,20462.25,20465.25,20460.75,20463.0,20463.0,153
2024-10-18 07:18:00-04:00,20463.0,20463.75,20461.75,20463.25,20463.25,92
2024-10-18 07:19:00-04:00,20463.5,20465.25,20461.75,20461.75,20461.75,83
2024-10-18 07:20:00-04:00,20461.75,20464.0,20461.75,20463.25,20463.25,66
2024-10-18 07:21:00-04:00,20462.5,20463.0,20460.5,20461.75,20461.75,49
2024-10-18 07:22:00-04:00,20461.25,20463.25,20459.0,20459.25,20459.25,103
2024-10-18 07:23:00-04:00,20458.5,20462.5,20457.25,20461.5,20461.5,188
2024-10-18 07:24:00-04:00,20461.75,20465.75,20461.75,20465.75,20465.75,138
2024-10-18 07:25:00-04:00,20466.0,20473.0,20466.0,20470.25,20470.25,287
2024-10-18 07:26:00-04:00,20470.25,20470.25,20470.0,20470.0,20470.0,369
2024-10-18 07:27:00-04:00,20470.25,20472.25,20469.25,20472.0,20472.0,64
2024-10-18 07:28:00-04:00,20472.5,20475.25,20471.5,20472.5,20472.5,103
2024-10-18 07:29:00-04:00,20473.0,20474.0,20466.0,20466.0,20466.0,100
2024-10-18 07:30:00-04:00,20466.25,20471.0,20466.0,20470.75,20470.75,85
2024-10-18 07:31:00-04:00,20471.0,20474.75,20470.5,20474.5,20474.5,98
2024-10-18 07:32:00-04:00,20474.0,20474.5,20470.5,20471.75,20471.75,54
2024-10-18 07:33:00-04:00,20472.0,20474.5,20470.75,20474.25,20474.25,58
2024-10-18 07:34:00-04:00,20473.75,20474.5,20471.75,20472.5,20472.5,63
2024-10-18 07:35:00-04:00,20472.0,20475.0,20472.0,20473.25,20473.25,59
2024-10-18 07:36:00-04:00,20473.5,20475.5,20473.5,20474.75,20474.75,59
2024-10-18 07:37:00-04:00,20476.25,20477.25,20471.75,20472.25,20472.25,235
2024-10-18 07:38:00-04:00,20473.25,20474.25,20472.0,20473.5,20473.5,79
2024-10-18 07:39:00-04:00,20474.0,20476.5,20473.5,20475.0,20475.0,84
2024-10-18 07:40:00-04:00,20475.25,20477.5,20471.5,20471.75,20471.75,96
2024-10-18 07:41:00-04:00,20471.5,20474.25,20470.5,20472.25,20472.25,74
2024-10-18 07:42:00-04:00,20472.0,20474.25,20472.0,20473.5,20473.5,57
2024-10-18 07:43:00-04:00,20473.75,20475.25,20473.0,20474.25,20474.25,69
2024-10-18 07:44:00-04:00,20473.75,20474.0,20470.5,20472.5,20472.5,88
2024-10-18 07:45:00-04:00,20472.0,20472.25,20467.75,20469.5,20469.5,117
2024-10-18 07:46:00-04:00,20468.75,20469.25,20466.25,20468.0,20468.0,94
2024-10-18 07:47:00-04:00,20467.5,20471.25,20467.0,20471.0,20471.0,93
2024-10-18 07:48:00-04:00,20471.5,20477.0,20471.5,20475.5,20475.5,146
2024-10-18 07:49:00-04:00,20476.0,20476.0,20473.5,20476.0,20476.0,51
2024-10-18 07:50:00-04:00,20475.5,20478.75,20474.5,20478.0,20478.0,101
2024-10-18 07:51:00-04:00,20478.25,20479.75,20476.0,20477.25,20477.25,121
2024-10-18 07:52:00-04:00,20477.0,20479.0,20473.5,20474.0,20474.0,92
2024-10-18 07:53:00-04:00,20474.0,20474.0,20470.0,20470.0,20470.0,88
2024-10-18 07:54:00-04:00,20469.75,20473.25,20468.25,20473.25,20473.25,71
2024-10-18 07:55:00-04:00,20473.5,20475.0,20471.25,20473.75,20473.75,83
2024-10-18 07:56:00-04:00,20473.0,20474.0,20471.5,20471.5,20471.5,49
2024-10-18 07:57:00-04:00,20471.25,20471.5,20468.0,20468.75,20468.75,77
2024-10-18 07:58:00-04:00,20468.25,20471.5,20468.25,20468.75,20468.75,72
2024-10-18 07:59:00-04:00,20468.5,20470.25,20467.0,20468.25,20468.25,91
2024-10-18 08:00:00-04:00,20468.5,20473.0,20468.5,20472.5,20472.5,130
2024-10-18 08:01:00-04:00,20472.25,20472.25,20468.5,20469.0,20469.0,73
2024-10-18 08:02:00-04:00,20469.25,20470.5,20469.0,20470.0,20470.0,26
2024-10-18 08:03:00-04:00,20469.75,20470.75,20468.25,20470.0,20470.0,71
2024-10-18 08:04:00-04:00,20469.75,20471.0,20465.25,20465.25,20465.25,150
2024-10-18 08:05:00-04:00,20465.25,20465.75,20459.5,20459.75,20459.75,250
2024-10-18 08:06:00-04:00,20459.5,20460.25,20456.75,20459.25,20459.25,230
2024-10-18 08:07:00-04:00,20459.0,20466.0,20458.75,20464.75,20464.75,313
2024-10-18 08:08:00-04:00,20464.75,20469.25,20464.5,20469.0,20469.0,284
2024-10-18 08:09:00-04:00,20468.75,20469.0,20465.25,20465.25,20465.25,93
2024-10-18 08:10:00-04:00,20466.0,20468.25,20462.5,20462.75,20462.75,65
2024-10-18 08:11:00-04:00,20463.0,20464.75,20459.5,20459.75,20459.75,85
2024-10-18 08:12:00-04:00,20459.5,20464.0,20457.75,20462.75,20462.75,97
2024-10-18 08:13:00-04:00,20463.25,20466.5,20462.5,20465.75,20465.75,44
2024-10-18 08:14:00-04:00,20466.25,20470.75,20466.25,20470.75,20470.75,73
2024-10-18 08:15:00-04:00,20470.25,20475.75,20469.5,20475.0,20475.0,194
2024-10-18 08:16:00-04:00,20474.75,20475.0,20466.75,20470.75,20470.75,169
2024-10-18 08:17:00-04:00,20470.25,20470.5,20464.5,20466.5,20466.5,85
2024-10-18 08:18:00-04:00,20466.75,20468.5,20465.25,20467.0,20467.0,52
2024-10-18 08:19:00-04:00,20467.25,20469.0,20465.5,20467.5,20467.5,84
2024-10-18 08:20:00-04:00,20467.25,20467.25,20465.0,20466.25,20466.25,45
2024-10-18 08:21:00-04:00,20467.75,20469.75,20465.0,20465.5,20465.5,37
2024-10-18 08:22:00-04:00,20465.5,20467.0,20462.5,20466.0,20466.0,101
2024-10-18 08:23:00-04:00,20466.25,20468.75,20465.75,20467.75,20467.75,55
2024-10-18 08:24:00-04:00,20468.0,20468.0,20463.0,20464.5,20464.5,74
2024-10-18 08:25:00-04:00,20465.0,20466.5,20464.75,20466.5,20466.5,29
2024-10-18 08:26:00-04:00,20467.0,20468.5,20465.75,20466.25,20466.25,36
2024-10-18 08:27:00-04:00,20466.25,20469.0,20466.0,20468.5,20468.5,49
2024-10-18 08:28:00-04:00,20469.25,20471.5,20468.75,20469.75,20469.75,73
2024-10-18 08:29:00-04:00,20469.25,20472.0,20468.75,20470.25,20470.25,91
2024-10-18 08:30:00-04:00,20471.75,20478.25,20470.5,20477.25,20477.25,216
2024-10-18 08:31:00-04:00,20477.0,20483.0,20476.0,20478.5,20478.5,274
2024-10-18 08:32:00-04:00,20478.5,20483.5,20477.5,20479.5,20479.5,241
2024-10-18 08:33:00-04:00,20479.0,20482.5,20478.5,20481.5,20481.5,122
2024-10-18 08:34:00-04:00,20480.75,20483.25,20480.5,20481.0,20481.0,90
2024-10-18 08:35:00-04:00,20480.5,20481.0,20470.0,20473.5,20473.5,356
2024-10-18 08:36:00-04:00,20473.5,20481.0,20473.0,20477.0,20477.0,164
2024-10-18 08:37:00-04:00,20478.0,20484.25,20477.75,20483.25,20483.25,201
2024-10-18 08:38:00-04:00,20482.25,20483.5,20476.25,20480.5,20480.5,164
2024-10-18 08:39:00-04:00,20480.75,20481.5,20477.25,20478.25,20478.25,101
2024-10-18 08:40:00-04:00,20478.0,20481.5,20473.0,20474.0,20474.0,175
2024-10-18 08:41:00-04:00,20474.25,20475.75,20470.25,20475.5,20475.5,119
2024-10-18 08:42:00-04:00,20475.75,20479.0,20475.75,20477.25,20477.25,145
2024-10-18 08:43:00-04:00,20477.75,20481.25,20476.25,20481.0,20481.0,93
2024-10-18 08:44:00-04:00,20481.0,20484.0,20479.25,20484.0,20484.0,164
2024-10-18 08:45:00-04:00,20484.0,20484.75,20482.0,20484.25,20484.25,92
2024-10-18 08:46:00-04:00,20484.5,20485.75,20482.0,20483.25,20483.25,142
2024-10-18 08:47:00-04:00,20482.75,20484.0,20481.0,20483.5,20483.5,93
2024-10-18 08:48:00-04:00,20484.25,20484.5,20480.0,20482.0,20482.0,136
2024-10-18 08:49:00-04:00,20482.75,20485.25,20482.25,20482.5,20482.5,85
2024-10-18 08:50:00-04:00,20482.75,20483.0,20480.5,20481.75,20481.75,51
2024-10-18 08:51:00-04:00,20482.0,20483.5,20479.25,20479.75,20479.75,142
2024-10-18 08:52:00-04:00,20479.5,20481.0,20476.5,20477.0,20477.0,109
2024-10-18 08:53:00-04:00,20476.75,20477.25,20474.0,20476.25,20476.25,148
2024-10-18 08:54:00-04:00,20477.0,20478.25,20475.5,20477.5,20477.5,96
2024-10-18 08:55:00-04:00,20477.0,20477.0,20472.25,20474.5,20474.5,130
2024-10-18 08:56:00-04:00,20474.0,20476.5,20474.0,20475.75,20475.75,82
2024-10-18 08:57:00-04:00,20476.5,20478.5,20473.75,20478.0,20478.0,111
2024-10-18 08:58:00-04:00,20478.25,20480.0,20477.25,20479.5,20479.5,109
2024-10-18 08:59:00-04:00,20478.5,20479.25,20476.5,20478.5,20478.5,130
2024-10-18 09:00:00-04:00,20478.75,20482.0,20478.0,20480.5,20480.5,240
2024-10-18 09:01:00-04:00,20480.75,20483.5,20478.25,20483.0,20483.0,142
2024-10-18 09:02:00-04:00,20483.75,20485.5,20482.25,20485.5,20485.5,219
2024-10-18 09:03:00-04:00,20485.75,20487.75,20483.75,20486.75,20486.75,202
2024-10-18 09:04:00-04:00,20487.0,20489.25,20484.0,20485.0,20485.0,240
2024-10-18 09:05:00-04:00,20485.5,20487.25,20483.75,20486.75,20486.75,140
2024-10-18 09:06:00-04:00,20487.0,20489.75,20487.0,20488.25,20488.25,171
2024-10-18 09:07:00-04:00,20488.5,20490.25,20487.5,20489.0,20489.0,162
2024-10-18 09:08:00-04:00,20489.25,20492.5,20488.0,20491.25,20491.25,253
2024-10-18 09:09:00-04:00,20491.0,20491.5,20489.5,20490.75,20490.75,153
2024-10-18 09:10:00-04:00,20490.25,20491.75,20489.75,20491.0,20491.0,161
2024-10-18 09:11:00-04:00,20491.0,20493.5,20490.25,20492.5,20492.5,189
2024-10-18 09:12:00-04:00,20492.25,20496.0,20492.0,20492.25,20492.25,332
2024-10-18 09:13:00-04:00,20492.0,20494.75,20491.0,20494.25,20494.25,165
2024-10-18 09:14:00-04:00,20494.0,20498.0,20493.75,20497.5,20497.5,302
2024-10-18 09:15:00-04:00,20497.5,20505.25,20497.5,20502.5,20502.5,699
2024-10-18 09:16:00-04:00,20502.5,20504.0,20501.5,20502.25,20502.25,347
2024-10-18 09:17:00-04:00,20502.5,20504.75,20501.5,20502.5,20502.5,298
2024-10-18 09:18:00-04:00,20502.75,20508.5,20502.5,20504.75,20504.75,626
2024-10-18 09:19:00-04:00,20505.0,20506.0,20499.75,20499.75,20499.75,457
2024-10-18 09:20:00-04:00,20500.0,20503.5,20498.5,20501.5,20501.5,399
2024-10-18 09:21:00-04:00,20501.25,20502.25,20499.5,20499.75,20499.75,244
2024-10-18 09:22:00-04:00,20499.75,20500.75,20496.5,20499.0,20499.0,316
2024-10-18 09:23:00-04:00,20499.25,20504.75,20498.75,20501.75,20501.75,328
2024-10-18 09:24:00-04:00,20501.5,20505.5,20497.25,20498.0,20498.0,356
2024-10-18 09:25:00-04:00,20497.75,20497.75,20459.5,20467.75,20467.75,3184
2024-10-18 09:26:00-04:00,20468.0,20470.0,20461.0,20462.0,20462.0,941
2024-10-18 09:27:00-04:00,20461.75,20492.75,20459.5,20488.75,20488.75,2209
2024-10-18 09:28:00-04:00,20489.0,20499.5,20484.75,20497.0,20497.0,1950
2024-10-18 09:29:00-04:00,20496.75,20498.25,20464.5,20466.25,20466.25,2437
2024-10-18 09:30:00-04:00,20465.75,20467.5,20438.5,20452.25,20452.25,5593
2024-10-18 09:31:00-04:00,20452.0,20456.5,20435.25,20436.75,20436.75,2671
2024-10-18 09:32:00-04:00,20437.25,20462.75,20434.0,20453.25,20453.25,2909
2024-10-18 09:33:00-04:00,20453.25,20468.0,20445.25,20450.5,20450.5,1812
2024-10-18 09:34:00-04:00,20450.5,20454.25,20434.0,20435.75,20435.75,2119
2024-10-18 09:35:00-04:00,20436.75,20459.75,20433.0,20447.75,20447.75,2212
2024-10-18 09:36:00-04:00,20448.5,20457.0,20440.0,20452.75,20452.75,1353
2024-10-18 09:37:00-04:00,20452.25,20456.5,20441.0,20449.0,20449.0,1175
2024-10-18 09:38:00-04:00,20450.25,20466.5,20443.5,20464.5,20464.5,1241
2024-10-18 09:39:00-04:00,20464.75,20471.0,20448.5,20452.0,20452.0,1437
2024-10-18 09:40:00-04:00,20451.25,20463.0,20443.0,20461.0,20461.0,1146
2024-10-18 09:41:00-04:00,20459.5,20482.25,20458.75,20482.0,20482.0,1780
2024-10-18 09:42:00-04:00,20481.75,20500.0,20481.75,20486.25,20486.25,2817
2024-10-18 09:43:00-04:00,20486.75,20495.0,20483.5,20489.5,20489.5,1239
2024-10-18 09:44:00-04:00,20488.5,20502.0,20479.25,20496.75,20496.75,1616
2024-10-18 09:45:00-04:00,20496.25,20510.5,20488.0,20491.25,20491.25,2729
2024-10-18 09:46:00-04:00,20491.25,20503.5,20485.25,20490.25,20490.25,1294
2024-10-18 09:47:00-04:00,20491.25,20493.5,20473.0,20479.5,20479.5,1735
2024-10-18 09:48:00-04:00,20479.5,20483.25,20469.5,20473.5,20473.5,1301
2024-10-18 09:49:00-04:00,20475.0,20476.0,20449.5,20453.5,20453.5,2125
2024-10-18 09:50:00-04:00,20453.5,20466.0,20448.5,20463.0,20463.0,1734
2024-10-18 09:51:00-04:00,20463.25,20470.5,20452.5,20452.75,20452.75,1175
2024-10-18 09:52:00-04:00,20453.0,20474.0,20452.0,20468.25,20468.25,1298
2024-10-18 09:53:00-04:00,20468.25,20473.0,20462.0,20468.5,20468.5,819
2024-10-18 09:54:00-04:00,20469.0,20487.5,20468.25,20473.5,20473.5,1734
2024-10-18 09:55:00-04:00,20472.25,20486.75,20468.5,20485.5,20485.5,916
2024-10-18 09:56:00-04:00,20485.5,20489.25,20480.25,20483.25,20483.25,886
2024-10-18 09:57:00-04:00,20483.25,20487.25,20471.75,20475.75,20475.75,1022
2024-10-18 09:58:00-04:00,20477.0,20484.0,20472.75,20478.25,20478.25,565
2024-10-18 09:59:00-04:00,20477.0,20483.0,20473.0,20475.25,20475.25,604
2024-10-18 10:00:00-04:00,20476.0,20496.0,20471.25,20491.0,20491.0,1929
2024-10-18 10:01:00-04:00,20491.25,20497.75,20483.0,20483.75,20483.75,1197
2024-10-18 10:02:00-04:00,20483.5,20490.75,20479.25,20483.5,20483.5,981
2024-10-18 10:03:00-04:00,20483.0,20492.75,20476.0,20489.0,20489.0,905
2024-10-18 10:04:00-04:00,20490.25,20497.75,20487.0,20487.25,20487.25,711
2024-10-18 10:05:00-04:00,20488.0,20492.75,20476.5,20492.25,20492.25,1066
2024-10-18 10:06:00-04:00,20492.25,20493.5,20486.5,20487.0,20487.0,661
2024-10-18 10:07:00-04:00,20487.5,20508.25,20487.5,20506.25,20506.25,1535
2024-10-18 10:08:00-04:00,20506.25,20519.0,20492.0,20495.75,20495.75,2506
2024-10-18 10:09:00-04:00,20495.75,20513.5,20495.0,20513.5,20513.5,1150
2024-10-18 10:10:00-04:00,20514.0,20523.25,20511.5,20514.25,20514.25,1920
2024-10-18 10:11:00-04:00,20514.5,20519.5,20502.0,20503.0,20503.0,1258
2024-10-18 10:12:00-04:00,20503.25,20510.5,20500.0,20509.5,20509.5,1077
2024-10-18 10:13:00-04:00,20509.75,20509.75,20487.25,20493.25,20493.25,1571
2024-10-18 10:14:00-04:00,20493.75,20496.5,20485.0,20490.25,20490.25,1144
2024-10-18 10:15:00-04:00,20490.25,20497.5,20483.75,20490.75,20490.75,1671
2024-10-18 10:16:00-04:00,20490.5,20496.0,20481.25,20485.25,20485.25,953
2024-10-18 10:17:00-04:00,20484.5,20491.0,20478.25,20488.25,20488.25,790
2024-10-18 10:18:00-04:00,20488.0,20492.75,20468.25,20479.75,20479.75,1430
2024-10-18 10:19:00-04:00,20479.25,20489.0,20476.25,20487.5,20487.5,889
2024-10-18 10:20:00-04:00,20488.0,20493.25,20483.75,20490.5,20490.5,717
2024-10-18 10:21:00-04:00,20489.5,20495.5,20483.25,20493.0,20493.0,968
2024-10-18 10:22:00-04:00,20492.5,20495.75,20486.75,20488.0,20488.0,671
2024-10-18 10:23:00-04:00,20488.0,20491.25,20478.0,20490.0,20490.0,1106
2024-10-18 10:24:00-04:00,20490.25,20495.0,20487.5,20493.25,20493.25,574
2024-10-18 10:25:00-04:00,20492.25,20496.0,20486.0,20487.25,20487.25,712
2024-10-18 10:26:00-04:00,20487.75,20492.75,20483.25,20492.25,20492.25,335
2024-10-18 10:27:00-04:00,20492.5,20492.75,20479.5,20479.5,20479.5,620
2024-10-18 10:28:00-04:00,20479.25,20486.25,20475.5,20485.75,20485.75,842
2024-10-18 10:29:00-04:00,20485.25,20503.5,20481.75,20499.0,20499.0,1299
2024-10-18 10:30:00-04:00,20499.75,20506.75,20495.0,20497.0,20497.0,1248
2024-10-18 10:31:00-04:00,20496.75,20501.25,20490.75,20500.75,20500.75,672
2024-10-18 10:32:00-04:00,20501.0,20503.25,20493.0,20494.0,20494.0,701
2024-10-18 10:33:00-04:00,20494.5,20497.5,20486.5,20488.0,20488.0,809
2024-10-18 10:34:00-04:00,20486.5,20493.25,20482.0,20493.0,20493.0,655
2024-10-18 10:35:00-04:00,20493.25,20494.5,20478.5,20485.25,20485.25,738
2024-10-18 10:36:00-04:00,20485.0,20491.75,20469.5,20475.5,20475.5,1374
2024-10-18 10:37:00-04:00,20475.25,20485.0,20470.5,20482.25,20482.25,983
2024-10-18 10:38:00-04:00,20482.5,20489.0,20471.75,20483.25,20483.25,850
2024-10-18 10:39:00-04:00,20483.0,20490.5,20480.5,20487.0,20487.0,611
2024-10-18 10:40:00-04:00,20487.5,20492.75,20486.5,20492.75,20492.75,553
2024-10-18 10:41:00-04:00,20492.25,20497.75,20490.5,20492.75,20492.75,930
2024-10-18 10:42:00-04:00,20494.0,20498.0,20489.5,20494.5,20494.5,468
2024-10-18 10:43:00-04:00,20494.5,20496.75,20489.0,20490.0,20490.0,363
2024-10-18 10:44:00-04:00,20490.25,20499.0,20490.25,20498.0,20498.0,513
2024-10-18 10:45:00-04:00,20497.25,20501.25,20494.75,20498.25,20498.25,894
2024-10-18 10:46:00-04:00,20498.5,20503.75,20495.25,20499.25,20499.25,556
2024-10-18 10:47:00-04:00,20498.75,20503.75,20495.5,20500.5,20500.5,473
2024-10-18 10:48:00-04:00,20500.5,20503.0,20495.5,20497.25,20497.25,459
2024-10-18 10:49:00-04:00,20497.25,20501.25,20492.25,20498.75,20498.75,620
2024-10-18 10:50:00-04:00,20497.75,20497.75,20489.5,20490.5,20490.5,654
2024-10-18 10:51:00-04:00,20490.25,20491.75,20481.0,20482.0,20482.0,998
2024-10-18 10:52:00-04:00,20482.25,20482.25,20467.25,20481.75,20481.75,1383
2024-10-18 10:53:00-04:00,20481.75,20482.75,20474.75,20477.0,20477.0,784
2024-10-18 10:54:00-04:00,20476.75,20478.25,20461.0,20465.75,20465.75,1167
2024-10-18 10:55:00-04:00,20465.25,20466.0,20455.5,20456.75,20456.75,1677
2024-10-18 10:56:00-04:00,20457.0,20469.25,20452.0,20468.0,20468.0,1818
2024-10-18 10:57:00-04:00,20468.25,20476.75,20468.25,20474.25,20474.25,972
2024-10-18 10:58:00-04:00,20474.5,20476.75,20462.75,20462.75,20462.75,838
2024-10-18 10:59:00-04:00,20462.75,20463.5,20461.75,20463.25,20463.25,50
2024-10-18 11:00:00-04:00,20470.75,20477.0,20470.5,20473.75,20473.75,2326
2024-10-18 11:01:00-04:00,20473.75,20478.0,20472.0,20476.0,20476.0,685
2024-10-18 11:02:00-04:00,20475.5,20487.0,20472.75,20479.0,20479.0,1192
2024-10-18 11:03:00-04:00,20479.0,20487.5,20475.5,20485.5,20485.5,598
2024-10-18 11:04:00-04:00,20486.25,20490.25,20484.25,20486.5,20486.5,836
2024-10-18 11:05:00-04:00,20486.0,20488.0,20469.75,20482.75,20482.75,1014
2024-10-18 11:06:00-04:00,20483.0,20488.75,20482.75,20487.25,20487.25,698
2024-10-18 11:07:00-04:00,20487.0,20492.0,20486.0,20490.5,20490.5,721
2024-10-18 11:08:00-04:00,20491.0,20493.0,20487.0,20489.0,20489.0,697
2024-10-18 11:09:00-04:00,20489.25,20496.75,20489.25,20493.5,20493.5,792
2024-10-18 11:10:00-04:00,20493.25,20496.25,20492.0,20493.75,20493.75,545
2024-10-18 11:11:00-04:00,20493.5,20496.25,20491.25,20495.5,20495.5,555
2024-10-18 11:12:00-04:00,20495.5,20497.5,20490.5,20495.0,20495.0,599
2024-10-18 11:13:00-04:00,20495.25,20495.5,20484.25,20486.0,20486.0,658
2024-10-18 11:14:00-04:00,20487.25,20495.25,20482.75,20495.0,20495.0,812
2024-10-18 11:15:00-04:00,20495.0,20497.0,20491.0,20495.25,20495.25,723
2024-10-18 11:16:00-04:00,20494.75,20495.0,20489.25,20492.0,20492.0,450
2024-10-18 11:17:00-04:00,20492.0,20497.0,20488.75,20495.75,20495.75,474
2024-10-18 11:18:00-04:00,20496.0,20498.5,20491.5,20495.75,20495.75,509
2024-10-18 11:19:00-04:00,20496.0,20500.75,20494.25,20500.0,20500.0,563
2024-10-18 11:20:00-04:00,20500.0,20504.0,20494.0,20503.5,20503.5,849
2024-10-18 11:21:00-04:00,20503.25,20506.25,20499.25,20502.75,20502.75,726
2024-10-18 11:22:00-04:00,20503.5,20508.0,20496.75,20496.75,20496.75,820
2024-10-18 11:23:00-04:00,20497.25,20503.75,20493.0,20501.5,20501.5,820
2024-10-18 11:24:00-04:00,20502.25,20507.75,20502.25,20505.75,20505.75,590
2024-10-18 11:25:00-04:00,20506.0,20508.5,20501.0,20501.75,20501.75,498
2024-10-18 11:26:00-04:00,20501.5,20503.5,20495.25,20497.25,20497.25,549
2024-10-18 11:27:00-04:00,20497.25,20502.0,20495.75,20499.25,20499.25,522
2024-10-18 11:28:00-04:00,20499.5,20513.75,20496.75,20512.75,20512.75,1089
2024-10-18 11:29:00-04:00,20512.75,20516.0,20510.5,20513.75,20513.75,1053
2024-10-18 11:30:00-04:00,20514.0,20520.75,20513.75,20517.0,20517.0,1544
2024-10-18 11:31:00-04:00,20517.25,20529.75,20516.75,20522.75,20522.75,2113
2024-10-18 11:32:00-04:00,20522.5,20529.0,20522.5,20526.5,20526.5,1194
2024-10-18 11:33:00-04:00,20525.5,20526.5,20511.5,20514.25,20514.25,1083
2024-10-18 11:34:00-04:00,20513.75,20514.0,20502.5,20503.0,20503.0,1111
2024-10-18 11:35:00-04:00,20503.25,20505.25,20491.75,20500.75,20500.75,1489
2024-10-18 11:36:00-04:00,20501.0,20503.25,20492.0,20494.25,20494.25,803
2024-10-18 11:37:00-04:00,20494.0,20502.5,20491.0,20493.0,20493.0,1167
2024-10-18 11:38:00-04:00,20493.25,20495.5,20489.25,20491.25,20491.25,759
2024-10-18 11:39:00-04:00,20491.5,20497.5,20490.0,20496.0,20496.0,601
2024-10-18 11:40:00-04:00,20496.5,20500.0,20494.5,20496.0,20496.0,551
2024-10-18 11:41:00-04:00,20496.0,20499.5,20484.25,20485.75,20485.75,867
2024-10-18 11:42:00-04:00,20485.5,20485.75,20474.0,20483.75,20483.75,1424
2024-10-18 11:43:00-04:00,20483.25,20487.0,20477.75,20487.0,20487.0,906
2024-10-18 11:44:00-04:00,20487.0,20487.75,20480.0,20483.25,20483.25,526
2024-10-18 11:45:00-04:00,20483.75,20486.5,20478.75,20481.0,20481.0,726
2024-10-18 11:46:00-04:00,20481.0,20488.5,20481.0,20483.25,20483.25,743
2024-10-18 11:47:00-04:00,20482.75,20484.0,20475.0,20476.5,20476.5,826
2024-10-18 11:48:00-04:00,20476.5,20481.5,20474.0,20478.0,20478.0,615
2024-10-18 11:49:00-04:00,20478.5,20478.75,20473.0,20476.0,20476.0,544
2024-10-18 11:50:00-04:00,20476.0,20478.75,20472.5,20476.75,20476.75,503
2024-10-18 11:51:00-04:00,20476.75,20482.0,20476.25,20478.0,20478.0,549
2024-10-18 11:52:00-04:00,20478.0,20481.0,20473.5,20479.5,20479.5,662
2024-10-18 11:53:00-04:00,20480.25,20485.0,20479.5,20483.75,20483.75,848
2024-10-18 11:54:00-04:00,20483.0,20483.75,20476.75,20482.75,20482.75,477
2024-10-18 11:55:00-04:00,20483.0,20485.75,20475.75,20476.25,20476.25,659
2024-10-18 11:56:00-04:00,20476.0,20478.25,20469.5,20475.5,20475.5,928
2024-10-18 11:57:00-04:00,20475.5,20475.5,20459.25,20462.5,20462.5,1399
2024-10-18 11:58:00-04:00,20462.0,20467.25,20460.25,20464.25,20464.25,833
2024-10-18 11:59:00-04:00,20464.0,20472.25,20464.0,20469.0,20469.0,783
2024-10-18 12:00:00-04:00,20469.0,20473.25,20466.0,20469.5,20469.5,653
2024-10-18 12:01:00-04:00,20468.75,20472.25,20463.5,20465.25,20465.25,446
2024-10-18 12:02:00-04:00,20464.5,20464.75,20453.0,20458.75,20458.75,1196
2024-10-18 12:03:00-04:00,20459.0,20463.0,20456.75,20458.75,20458.75,587
2024-10-18 12:04:00-04:00,20458.75,20465.0,20457.0,20460.75,20460.75,526
2024-10-18 12:05:00-04:00,20461.0,20465.25,20459.0,20465.25,20465.25,487
2024-10-18 12:06:00-04:00,20465.25,20469.0,20461.75,20469.0,20469.0,618
2024-10-18 12:07:00-04:00,20468.5,20469.25,20466.25,20468.0,20468.0,306
2024-10-18 12:08:00-04:00,20468.25,20469.5,20463.0,20463.0,20463.0,441
2024-10-18 12:09:00-04:00,20463.5,20468.75,20461.0,20465.0,20465.0,441
2024-10-18 12:10:00-04:00,20465.75,20467.5,20462.0,20465.25,20465.25,417
2024-10-18 12:11:00-04:00,20465.5,20466.5,20461.25,20466.25,20466.25,363
2024-10-18 12:12:00-04:00,20467.0,20467.25,20459.5,20459.5,20459.5,295
2024-10-18 12:13:00-04:00,20460.25,20460.25,20448.25,20456.0,20456.0,1097
2024-10-18 12:14:00-04:00,20455.5,20457.0,20445.75,20447.25,20447.25,714
2024-10-18 12:15:00-04:00,20447.25,20454.75,20442.5,20450.75,20450.75,1033
2024-10-18 12:16:00-04:00,20451.75,20454.75,20442.0,20450.25,20450.25,769
2024-10-18 12:17:00-04:00,20450.0,20457.0,20450.0,20453.0,20453.0,608
2024-10-18 12:18:00-04:00,20452.75,20463.0,20451.5,20463.0,20463.0,832
2024-10-18 12:19:00-04:00,20462.5,20465.5,20458.0,20462.25,20462.25,848
2024-10-18 12:20:00-04:00,20463.25,20465.5,20454.25,20463.75,20463.75,631
2024-10-18 12:21:00-04:00,20464.25,20465.75,20456.75,20460.75,20460.75,531
2024-10-18 12:22:00-04:00,20460.75,20468.0,20459.75,20467.0,20467.0,492
2024-10-18 12:23:00-04:00,20466.75,20467.25,20461.25,20466.0,20466.0,322
2024-10-18 12:24:00-04:00,20466.0,20468.75,20460.5,20462.5,20462.5,558
2024-10-18 12:25:00-04:00,20462.25,20465.25,20458.75,20459.0,20459.0,432
2024-10-18 12:26:00-04:00,20458.5,20464.25,20458.5,20460.75,20460.75,422
2024-10-18 12:27:00-04:00,20460.25,20465.75,20460.0,20463.5,20463.5,303
2024-10-18 12:28:00-04:00,20464.0,20465.0,20458.75,20460.25,20460.25,377
2024-10-18 12:29:00-04:00,20459.5,20461.5,20457.5,20461.25,20461.25,300
2024-10-18 12:30:00-04:00,20461.5,20467.0,20460.5,20465.0,20465.0,467
2024-10-18 12:31:00-04:00,20465.0,20467.25,20462.75,20463.5,20463.5,477
2024-10-18 12:32:00-04:00,20463.25,20469.75,20462.25,20467.75,20467.75,425
2024-10-18 12:33:00-04:00,20468.0,20474.25,20467.5,20473.25,20473.25,720
2024-10-18 12:34:00-04:00,20473.0,20479.0,20471.75,20477.5,20477.5,822
2024-10-18 12:35:00-04:00,20477.25,20482.75,20476.5,20482.0,20482.0,775
2024-10-18 12:36:00-04:00,20482.25,20485.5,20478.25,20478.75,20478.75,677
2024-10-18 12:37:00-04:00,20478.75,20480.75,20472.5,20476.5,20476.5,426
2024-10-18 12:38:00-04:00,20476.25,20476.25,20470.75,20474.5,20474.5,352
2024-10-18 12:39:00-04:00,20473.75,20478.0,20472.25,20475.5,20475.5,604
2024-10-18 12:40:00-04:00,20475.75,20480.75,20474.5,20477.0,20477.0,346
2024-10-18 12:41:00-04:00,20477.25,20479.5,20475.75,20479.5,20479.5,291
2024-10-18 12:42:00-04:00,20479.25,20484.75,20476.75,20484.25,20484.25,660
2024-10-18 12:43:00-04:00,20484.5,20487.0,20483.5,20486.75,20486.75,395
2024-10-18 12:44:00-04:00,20486.75,20490.0,20485.25,20489.25,20489.25,465
2024-10-18 12:45:00-04:00,20489.5,20490.75,20486.25,20488.5,20488.5,437
2024-10-18 12:46:00-04:00,20488.75,20490.25,20483.25,20489.0,20489.0,501
2024-10-18 12:47:00-04:00,20489.5,20492.75,20487.75,20489.25,20489.25,573
2024-10-18 12:48:00-04:00,20489.5,20495.75,20487.5,20494.5,20494.5,572
2024-10-18 12:49:00-04:00,20494.5,20494.5,20489.75,20490.5,20490.5,344
2024-10-18 12:50:00-04:00,20490.25,20498.5,20490.25,20497.0,20497.0,717
2024-10-18 12:51:00-04:00,20496.75,20505.0,20494.5,20496.0,20496.0,1098
2024-10-18 12:52:00-04:00,20496.0,20502.5,20496.0,20502.5,20502.5,353
2024-10-18 12:53:00-04:00,20502.25,20507.75,20500.25,20501.5,20501.5,958
2024-10-18 12:54:00-04:00,20500.75,20507.75,20500.0,20506.0,20506.0,645
2024-10-18 12:55:00-04:00,20506.0,20514.25,20505.0,20511.5,20511.5,1157
2024-10-18 12:56:00-04:00,20511.75,20520.5,20510.25,20519.75,20519.75,1033
2024-10-18 12:57:00-04:00,20520.25,20521.5,20514.0,20515.0,20515.0,1021
2024-10-18 12:58:00-04:00,20515.25,20516.0,20507.5,20508.5,20508.5,898
2024-10-18 12:59:00-04:00,20508.25,20508.5,20495.0,20496.25,20496.25,1186
2024-10-18 13:00:00-04:00,20496.5,20506.0,20493.5,20501.0,20501.0,1014
2024-10-18 13:01:00-04:00,20501.5,20503.0,20498.5,20502.5,20502.5,422
2024-10-18 13:02:00-04:00,20502.0,20502.5,20489.0,20489.5,20489.5,1133
2024-10-18 13:03:00-04:00,20489.75,20501.0,20488.5,20498.5,20498.5,740
2024-10-18 13:04:00-04:00,20497.75,20503.25,20496.5,20499.0,20499.0,346
2024-10-18 13:05:00-04:00,20500.0,20509.0,20500.0,20507.5,20507.5,710
2024-10-18 13:06:00-04:00,20508.0,20509.75,20505.25,20508.0,20508.0,463
2024-10-18 13:07:00-04:00,20508.5,20517.5,20507.75,20517.0,20517.0,751
2024-10-18 13:08:00-04:00,20517.25,20523.75,20513.75,20517.0,20517.0,1515
2024-10-18 13:09:00-04:00,20517.0,20517.0,20509.0,20513.5,20513.5,576
2024-10-18 13:10:00-04:00,20513.5,20518.5,20512.5,20517.75,20517.75,393
2024-10-18 13:11:00-04:00,20518.0,20521.0,20516.0,20516.0,20516.0,631
2024-10-18 13:12:00-04:00,20516.5,20519.25,20512.0,20513.75,20513.75,482
2024-10-18 13:13:00-04:00,20513.75,20518.0,20512.25,20515.25,20515.25,395
2024-10-18 13:14:00-04:00,20515.0,20517.75,20512.5,20512.75,20512.75,371
2024-10-18 13:15:00-04:00,20513.0,20514.75,20508.25,20510.5,20510.5,503
2024-10-18 13:16:00-04:00,20510.0,20511.75,20502.75,20503.5,20503.5,656
2024-10-18 13:17:00-04:00,20503.25,20505.5,20500.25,20501.25,20501.25,613
2024-10-18 13:18:00-04:00,20501.0,20508.5,20497.0,20504.5,20504.5,886
2024-10-18 13:19:00-04:00,20505.0,20515.75,20505.0,20514.5,20514.5,719
2024-10-18 13:20:00-04:00,20514.25,20517.0,20512.0,20513.75,20513.75,729
2024-10-18 13:21:00-04:00,20514.0,20515.25,20511.5,20513.75,20513.75,264
2024-10-18 13:22:00-04:00,20513.5,20514.25,20507.75,20508.5,20508.5,310
2024-10-18 13:23:00-04:00,20508.25,20509.25,20499.0,20504.5,20504.5,1129
2024-10-18 13:24:00-04:00,20504.25,20508.25,20503.75,20506.0,20506.0,544
2024-10-18 13:25:00-04:00,20506.5,20509.0,20503.5,20504.0,20504.0,279
2024-10-18 13:26:00-04:00,20504.25,20506.5,20500.25,20501.0,20501.0,256
2024-10-18 13:27:00-04:00,20500.75,20501.5,20487.5,20494.0,20494.0,1461
2024-10-18 13:28:00-04:00,20494.25,20496.0,20490.75,20493.5,20493.5,618
2024-10-18 13:29:00-04:00,20493.75,20493.75,20486.5,20491.75,20491.75,592
2024-10-18 13:30:00-04:00,20492.5,20496.0,20483.0,20485.75,20485.75,823
2024-10-18 13:31:00-04:00,20485.25,20491.5,20482.75,20489.75,20489.75,410
2024-10-18 13:32:00-04:00,20489.25,20495.25,20489.25,20493.0,20493.0,480
2024-10-18 13:33:00-04:00,20492.5,20497.5,20491.75,20497.25,20497.25,342
2024-10-18 13:34:00-04:00,20497.25,20500.0,20496.0,20499.25,20499.25,446
2024-10-18 13:35:00-04:00,20499.0,20502.25,20498.75,20500.25,20500.25,487
2024-10-18 13:36:00-04:00,20499.25,20499.25,20493.75,20497.25,20497.25,432
2024-10-18 13:37:00-04:00,20497.5,20498.5,20493.75,20495.0,20495.0,206
2024-10-18 13:38:00-04:00,20494.25,20498.25,20493.75,20498.0,20498.0,209
2024-10-18 13:39:00-04:00,20498.25,20501.5,20497.25,20500.5,20500.5,301
2024-10-18 13:40:00-04:00,20501.0,20502.25,20497.5,20499.75,20499.75,335
2024-10-18 13:41:00-04:00,20500.0,20500.0,20495.25,20498.5,20498.5,245
2024-10-18 13:42:00-04:00,20499.0,20503.25,20497.0,20498.5,20498.5,267
2024-10-18 13:43:00-04:00,20498.25,20498.25,20492.5,20496.5,20496.5,319
2024-10-18 13:44:00-04:00,20496.0,20499.25,20493.5,20497.0,20497.0,281
2024-10-18 13:45:00-04:00,20496.25,20503.75,20495.75,20503.25,20503.25,290
2024-10-18 13:46:00-04:00,20502.75,20505.25,20500.75,20503.25,20503.25,379
2024-10-18 13:47:00-04:00,20503.25,20503.5,20498.25,20501.75,20501.75,465
2024-10-18 13:48:00-04:00,20501.5,20504.0,20496.0,20498.5,20498.5,329
2024-10-18 13:49:00-04:00,20499.0,20501.25,20497.0,20498.25,20498.25,191
2024-10-18 13:50:00-04:00,20498.25,20500.0,20492.0,20494.5,20494.5,411
2024-10-18 13:51:00-04:00,20495.0,20499.25,20492.75,20498.0,20498.0,225
2024-10-18 13:52:00-04:00,20498.5,20501.25,20496.5,20499.0,20499.0,178
2024-10-18 13:53:00-04:00,20499.25,20499.25,20489.0,20490.25,20490.25,484
2024-10-18 13:54:00-04:00,20491.0,20492.0,20485.25,20486.25,20486.25,411
2024-10-18 13:55:00-04:00,20485.75,20487.5,20479.25,20485.25,20485.25,855
2024-10-18 13:56:00-04:00,20484.5,20490.25,20483.75,20488.75,20488.75,307
2024-10-18 13:57:00-04:00,20488.5,20491.0,20484.5,20489.5,20489.5,288
2024-10-18 13:58:00-04:00,20489.75,20491.0,20486.5,20486.75,20486.75,193
2024-10-18 13:59:00-04:00,20486.75,20488.5,20485.25,20485.5,20485.5,292
2024-10-18 14:00:00-04:00,20485.75,20487.25,20482.0,20484.75,20484.75,456
2024-10-18 14:01:00-04:00,20483.75,20483.75,20451.75,20475.25,20475.25,2570
2024-10-18 14:02:00-04:00,20475.0,20478.75,20472.25,20473.0,20473.0,508
2024-10-18 14:03:00-04:00,20473.5,20482.25,20473.25,20481.75,20481.75,382
2024-10-18 14:04:00-04:00,20482.5,20486.75,20480.25,20482.25,20482.25,535
2024-10-18 14:05:00-04:00,20482.25,20487.0,20482.0,20486.0,20486.0,329
2024-10-18 14:06:00-04:00,20486.25,20488.5,20481.25,20482.75,20482.75,367
2024-10-18 14:07:00-04:00,20483.5,20483.5,20477.25,20482.25,20482.25,497
2024-10-18 14:08:00-04:00,20482.75,20487.25,20481.5,20486.25,20486.25,273
2024-10-18 14:09:00-04:00,20486.5,20488.75,20485.0,20487.5,20487.5,272
2024-10-18 14:10:00-04:00,20487.5,20492.5,20486.25,20492.0,20492.0,557
2024-10-18 14:11:00-04:00,20492.5,20494.0,20490.5,20494.0,20494.0,467
2024-10-18 14:12:00-04:00,20493.0,20499.75,20490.5,20495.75,20495.75,509
2024-10-18 14:13:00-04:00,20495.75,20498.25,20494.5,20496.75,20496.75,402
2024-10-18 14:14:00-04:00,20497.0,20501.0,20496.25,20500.0,20500.0,364
2024-10-18 14:15:00-04:00,20499.75,20502.25,20496.5,20497.0,20497.0,332
2024-10-18 14:16:00-04:00,20497.25,20502.75,20495.75,20501.0,20501.0,381
2024-10-18 14:17:00-04:00,20501.25,20506.5,20499.5,20504.5,20504.5,536
2024-10-18 14:18:00-04:00,20505.0,20507.5,20500.5,20501.75,20501.75,493
2024-10-18 14:19:00-04:00,20502.5,20504.5,20497.5,20504.5,20504.5,290
2024-10-18 14:20:00-04:00,20504.0,20505.0,20498.5,20499.25,20499.25,342
2024-10-18 14:21:00-04:00,20500.0,20501.5,20496.0,20498.25,20498.25,280
2024-10-18 14:22:00-04:00,20498.75,20502.0,20497.5,20499.75,20499.75,267
2024-10-18 14:23:00-04:00,20500.25,20500.75,20494.75,20498.0,20498.0,311
2024-10-18 14:24:00-04:00,20498.25,20500.75,20497.25,20498.25,20498.25,206
2024-10-18 14:25:00-04:00,20497.75,20505.0,20497.0,20501.25,20501.25,351
2024-10-18 14:26:00-04:00,20502.0,20508.75,20501.75,20505.75,20505.75,974
2024-10-18 14:27:00-04:00,20506.0,20506.25,20500.25,20504.0,20504.0,409
2024-10-18 14:28:00-04:00,20504.0,20504.75,20500.75,20504.5,20504.5,342
2024-10-18 14:29:00-04:00,20504.25,20504.25,20499.25,20501.75,20501.75,494
2024-10-18 14:30:00-04:00,20501.5,20505.25,20495.75,20498.5,20498.5,671
2024-10-18 14:31:00-04:00,20498.75,20499.5,20490.25,20494.0,20494.0,682
2024-10-18 14:32:00-04:00,20494.5,20505.0,20494.5,20500.5,20500.5,488
2024-10-18 14:33:00-04:00,20501.0,20506.5,20501.0,20504.25,20504.25,282
2024-10-18 14:34:00-04:00,20503.75,20505.0,20496.75,20497.5,20497.5,337
2024-10-18 14:35:00-04:00,20496.75,20498.0,20491.0,20495.75,20495.75,500
2024-10-18 14:36:00-04:00,20495.25,20499.5,20494.5,20496.25,20496.25,243
2024-10-18 14:37:00-04:00,20496.5,20497.5,20494.0,20495.0,20495.0,139
2024-10-18 14:38:00-04:00,20494.75,20495.5,20489.0,20495.0,20495.0,335
2024-10-18 14:39:00-04:00,20494.5,20497.25,20493.25,20494.75,20494.75,242
2024-10-18 14:40:00-04:00,20494.5,20495.25,20488.75,20489.5,20489.5,465
2024-10-18 14:41:00-04:00,20489.5,20495.5,20489.5,20491.25,20491.25,282
2024-10-18 14:42:00-04:00,20490.75,20498.25,20490.75,20498.25,20498.25,199
2024-10-18 14:43:00-04:00,20498.25,20500.75,20497.0,20499.0,20499.0,442
2024-10-18 14:44:00-04:00,20499.0,20499.25,20495.0,20496.0,20496.0,216
2024-10-18 14:45:00-04:00,20495.75,20498.0,20491.75,20493.0,20493.0,319
2024-10-18 14:46:00-04:00,20493.0,20497.5,20493.0,20496.75,20496.75,201
2024-10-18 14:47:00-04:00,20497.5,20497.5,20493.25,20494.0,20494.0,223
2024-10-18 14:48:00-04:00,20493.25,20497.25,20493.0,20496.0,20496.0,201
2024-10-18 14:49:00-04:00,20496.75,20497.25,20490.75,20491.75,20491.75,385
2024-10-18 14:50:00-04:00,20491.25,20495.5,20491.0,20493.25,20493.25,217
2024-10-18 14:51:00-04:00,20493.0,20493.25,20489.0,20492.25,20492.25,348
2024-10-18 14:52:00-04:00,20492.0,20492.0,20481.5,20483.5,20483.5,617
2024-10-18 14:53:00-04:00,20483.5,20486.75,20482.25,20484.0,20484.0,609
2024-10-18 14:54:00-04:00,20484.0,20487.75,20483.5,20486.0,20486.0,338
2024-10-18 14:55:00-04:00,20485.5,20492.0,20484.5,20492.0,20492.0,367
2024-10-18 14:56:00-04:00,20491.5,20493.0,20488.75,20491.75,20491.75,295
2024-10-18 14:57:00-04:00,20491.25,20493.0,20488.5,20490.75,20490.75,209
2024-10-18 14:58:00-04:00,20490.75,20495.75,20489.5,20491.5,20491.5,396
2024-10-18 14:59:00-04:00,20491.0,20494.25,20489.5,20492.25,20492.25,210
2024-10-18 15:00:00-04:00,20492.25,20492.25,20483.75,20488.25,20488.25,689
2024-10-18 15:01:00-04:00,20487.25,20491.0,20485.0,20489.25,20489.25,198
2024-10-18 15:02:00-04:00,20489.5,20490.25,20483.0,20483.25,20483.25,233
2024-10-18 15:03:00-04:00,20483.5,20483.75,20469.25,20482.25,20482.25,1437
2024-10-18 15:04:00-04:00,20482.5,20483.5,20477.25,20481.5,20481.5,374
2024-10-18 15:05:00-04:00,20481.75,20486.75,20480.25,20483.25,20483.25,406
2024-10-18 15:06:00-04:00,20483.0,20488.25,20474.5,20476.75,20476.75,680
2024-10-18 15:07:00-04:00,20477.0,20478.5,20472.5,20477.0,20477.0,421
2024-10-18 15:08:00-04:00,20476.75,20479.75,20476.25,20478.25,20478.25,276
2024-10-18 15:09:00-04:00,20477.75,20485.75,20477.5,20483.75,20483.75,392
2024-10-18 15:10:00-04:00,20484.0,20485.0,20478.75,20481.5,20481.5,296
2024-10-18 15:11:00-04:00,20481.25,20483.75,20479.25,20481.75,20481.75,179
2024-10-18 15:12:00-04:00,20481.75,20485.25,20479.75,20484.75,20484.75,221
2024-10-18 15:13:00-04:00,20484.5,20485.0,20481.0,20484.75,20484.75,120
2024-10-18 15:14:00-04:00,20484.75,20491.25,20484.75,20488.25,20488.25,462
2024-10-18 15:15:00-04:00,20488.25,20488.75,20484.75,20486.75,20486.75,317
2024-10-18 15:16:00-04:00,20486.75,20488.75,20482.25,20483.25,20483.25,253
2024-10-18 15:17:00-04:00,20483.0,20484.0,20479.5,20480.0,20480.0,376
2024-10-18 15:18:00-04:00,20480.0,20485.25,20477.5,20484.0,20484.0,321
2024-10-18 15:19:00-04:00,20483.75,20484.75,20481.0,20483.5,20483.5,218
2024-10-18 15:20:00-04:00,20483.75,20486.0,20480.25,20482.5,20482.5,243
2024-10-18 15:21:00-04:00,20482.5,20483.25,20479.0,20481.75,20481.75,280
2024-10-18 15:22:00-04:00,20481.25,20487.0,20476.25,20484.0,20484.0,730
2024-10-18 15:23:00-04:00,20483.0,20483.75,20479.75,20480.75,20480.75,259
2024-10-18 15:24:00-04:00,20479.0,20480.75,20476.75,20480.75,20480.75,284
2024-10-18 15:25:00-04:00,20480.75,20482.75,20479.25,20480.25,20480.25,261
2024-10-18 15:26:00-04:00,20480.25,20486.0,20479.0,20486.0,20486.0,312
2024-10-18 15:27:00-04:00,20485.25,20491.75,20484.75,20490.0,20490.0,657
2024-10-18 15:28:00-04:00,20490.5,20496.0,20490.0,20491.0,20491.0,578
2024-10-18 15:29:00-04:00,20490.75,20491.5,20486.75,20491.0,20491.0,395
2024-10-18 15:30:00-04:00,20490.75,20490.75,20485.0,20488.0,20488.0,367
2024-10-18 15:31:00-04:00,20488.5,20488.75,20485.25,20487.25,20487.25,257
2024-10-18 15:32:00-04:00,20487.0,20487.5,20481.5,20483.0,20483.0,417
2024-10-18 15:33:00-04:00,20483.0,20486.0,20479.5,20484.0,20484.0,456
2024-10-18 15:34:00-04:00,20484.0,20484.25,20481.0,20481.5,20481.5,259
2024-10-18 15:35:00-04:00,20481.75,20482.25,20476.25,20480.75,20480.75,503
2024-10-18 15:36:00-04:00,20480.75,20487.5,20480.0,20487.25,20487.25,277
2024-10-18 15:37:00-04:00,20488.0,20489.75,20485.75,20489.75,20489.75,417
2024-10-18 15:38:00-04:00,20489.0,20490.0,20480.75,20481.0,20481.0,411
2024-10-18 15:39:00-04:00,20480.75,20483.5,20478.75,20479.5,20479.5,295
2024-10-18 15:40:00-04:00,20479.25,20481.75,20473.75,20479.75,20479.75,612
2024-10-18 15:41:00-04:00,20480.0,20480.25,20471.75,20473.0,20473.0,519
2024-10-18 15:42:00-04:00,20473.25,20477.75,20467.75,20476.75,20476.75,951
2024-10-18 15:43:00-04:00,20476.25,20476.75,20471.0,20475.5,20475.5,318
2024-10-18 15:44:00-04:00,20475.5,20475.5,20472.25,20473.5,20473.5,244
2024-10-18 15:45:00-04:00,20473.25,20475.75,20470.25,20472.0,20472.0,524
2024-10-18 15:46:00-04:00,20471.75,20477.75,20470.75,20476.75,20476.75,339
2024-10-18 15:47:00-04:00,20476.75,20477.5,20468.0,20473.25,20473.25,486
2024-10-18 15:48:00-04:00,20473.5,20479.5,20472.5,20474.75,20474.75,537
2024-10-18 15:49:00-04:00,20474.25,20475.75,20465.5,20466.75,20466.75,723
2024-10-18 15:50:00-04:00,20467.0,20467.25,20460.0,20464.0,20464.0,1383
2024-10-18 15:51:00-04:00,20464.5,20464.75,20458.5,20462.0,20462.0,621
2024-10-18 15:52:00-04:00,20461.75,20466.0,20457.25,20465.5,20465.5,721
2024-10-18 15:53:00-04:00,20465.5,20466.75,20460.0,20464.0,20464.0,760
2024-10-18 15:54:00-04:00,20463.5,20481.75,20462.5,20478.5,20478.5,1819
2024-10-18 15:55:00-04:00,20478.75,20486.0,20471.75,20479.75,20479.75,1386
2024-10-18 15:56:00-04:00,20479.75,20485.25,20479.75,20483.0,20483.0,831
2024-10-18 15:57:00-04:00,20483.25,20491.75,20482.75,20488.5,20488.5,1157
2024-10-18 15:58:00-04:00,20488.75,20489.0,20481.0,20482.25,20482.25,1699
2024-10-18 15:59:00-04:00,20482.25,20487.0,20477.0,20482.5,20482.5,5189
2024-10-18 16:00:00-04:00,20482.0,20487.25,20474.0,20483.0,20483.0,2254
2024-10-18 16:01:00-04:00,20483.5,20488.0,20479.75,20480.75,20480.75,756
2024-10-18 16:02:00-04:00,20481.0,20488.75,20480.25,20486.75,20486.75,495
2024-10-18 16:03:00-04:00,20487.25,20492.75,20487.0,20491.75,20491.75,572
2024-10-18 16:04:00-04:00,20492.25,20495.5,20491.0,20493.0,20493.0,655
2024-10-18 16:05:00-04:00,20493.25,20497.5,20493.0,20496.5,20496.5,357
2024-10-18 16:06:00-04:00,20497.25,20503.5,20496.0,20500.75,20500.75,826
2024-10-18 16:07:00-04:00,20501.75,20504.0,20494.5,20494.5,20494.5,577
2024-10-18 16:08:00-04:00,20494.25,20497.5,20491.25,20491.25,20491.25,347
2024-10-18 16:09:00-04:00,20491.25,20495.75,20490.0,20491.75,20491.75,349
2024-10-18 16:10:00-04:00,20491.5,20494.5,20490.25,20494.0,20494.0,158
2024-10-18 16:11:00-04:00,20494.0,20495.5,20493.0,20495.25,20495.25,130
2024-10-18 16:12:00-04:00,20495.5,20496.0,20494.5,20494.75,20494.75,64
2024-10-18 16:13:00-04:00,20494.5,20494.75,20492.25,20494.5,20494.5,68
2024-10-18 16:14:00-04:00,20493.25,20494.75,20492.5,20494.25,20494.25,90
2024-10-18 16:15:00-04:00,20494.5,20495.0,20492.25,20494.0,20494.0,162
2024-10-18 16:16:00-04:00,20494.0,20494.25,20492.25,20493.25,20493.25,64
2024-10-18 16:17:00-04:00,20493.0,20493.0,20490.5,20490.5,20490.5,84
2024-10-18 16:18:00-04:00,20490.5,20491.25,20489.5,20490.25,20490.25,175
2024-10-18 16:19:00-04:00,20490.5,20492.75,20490.5,20491.5,20491.5,69
2024-10-18 16:20:00-04:00,20491.0,20491.25,20489.25,20490.0,20490.0,61
2024-10-18 16:21:00-04:00,20489.75,20490.5,20487.25,20488.0,20488.0,97
2024-10-18 16:22:00-04:00,20488.0,20492.5,20487.75,20492.0,20492.0,95
2024-10-18 16:23:00-04:00,20492.0,20494.0,20491.75,20493.25,20493.25,56
2024-10-18 16:24:00-04:00,20493.0,20493.0,20491.5,20492.5,20492.5,26
2024-10-18 16:25:00-04:00,20492.5,20492.5,20490.5,20492.25,20492.25,40
2024-10-18 16:26:00-04:00,20492.75,20493.25,20489.5,20489.5,20489.5,46
2024-10-18 16:27:00-04:00,20489.25,20489.75,20486.75,20488.0,20488.0,85
2024-10-18 16:28:00-04:00,20488.75,20489.5,20487.75,20488.0,20488.0,42
2024-10-18 16:29:00-04:00,20488.5,20489.75,20488.5,20489.5,20489.5,35
2024-10-18 16:30:00-04:00,20489.25,20493.0,20487.25,20490.75,20490.75,150
2024-10-18 16:31:00-04:00,20490.75,20492.0,20490.0,20490.75,20490.75,53
2024-10-18 16:32:00-04:00,20490.75,20492.0,20490.5,20491.0,20491.0,42
2024-10-18 16:33:00-04:00,20491.0,20492.75,20490.0,20490.25,20490.25,182
2024-10-18 16:34:00-04:00,20490.25,20490.5,20487.5,20487.75,20487.75,140
2024-10-18 16:35:00-04:00,20488.0,20489.0,20487.75,20488.75,20488.75,32
2024-10-18 16:36:00-04:00,20489.0,20490.0,20489.0,20489.5,20489.5,23
2024-10-18 16:37:00-04:00,20489.25,20489.5,20488.0,20488.75,20488.75,37
2024-10-18 16:38:00-04:00,20488.75,20490.75,20488.75,20490.5,20490.5,32
2024-10-18 16:39:00-04:00,20490.5,20492.0,20488.75,20491.25,20491.25,150
2024-10-18 16:40:00-04:00,20492.0,20492.25,20490.75,20490.75,20490.75,41
2024-10-18 16:41:00-04:00,20490.75,20491.5,20490.25,20491.5,20491.5,21
2024-10-18 16:42:00-04:00,20491.0,20495.25,20490.75,20494.5,20494.5,136
2024-10-18 16:43:00-04:00,20494.5,20495.0,20492.75,20492.75,20492.75,73
2024-10-18 16:44:00-04:00,20492.75,20493.5,20491.0,20492.0,20492.0,150
2024-10-18 16:45:00-04:00,20492.25,20492.5,20490.75,20491.5,20491.5,72
2024-10-18 16:46:00-04:00,20491.75,20492.0,20489.75,20491.5,20491.5,75
2024-10-18 16:47:00-04:00,20491.25,20491.25,20489.25,20489.25,20489.25,67
2024-10-18 16:48:00-04:00,20488.5,20489.75,20488.25,20489.0,20489.0,64
2024-10-18 16:49:00-04:00,20489.5,20489.5,20486.25,20486.75,20486.75,191
2024-10-18 16:50:00-04:00,20486.5,20486.75,20482.0,20482.5,20482.5,219
2024-10-18 16:51:00-04:00,20482.5,20484.75,20482.25,20484.75,20484.75,340
2024-10-18 16:52:00-04:00,20484.5,20485.5,20484.5,20485.0,20485.0,40
2024-10-18 16:53:00-04:00,20484.25,20485.5,20483.75,20484.5,20484.5,60
2024-10-18 16:54:00-04:00,20484.75,20485.5,20484.25,20484.75,20484.75,36
2024-10-18 16:55:00-04:00,20484.75,20486.25,20484.25,20485.5,20485.5,35
2024-10-18 16:56:00-04:00,20485.5,20486.25,20484.25,20484.5,20484.5,44
2024-10-18 16:57:00-04:00,20484.25,20484.5,20483.5,20484.25,20484.25,52
2024-10-18 16:58:00-04:00,20484.0,20485.5,20481.75,20484.25,20484.25,102
2024-10-18 16:59:00-04:00,20484.0,20485.0,20482.25,20484.25,20484.25,107
